SequenceNumber,RequestTime,ReplyTime,RequestSourceIP,RequestDestIP,ReplySourceIP,ReplyDestIP,ReplyTTLexpiredIP,TTL,Download/Upload/Idle
949,14:50:19.465422,14:50:19.488946,10.0.2.15,115.113.240.203,10.254.239.5,10.0.2.15,10.254.239.5,3,download
950,14:50:19.465467,14:50:19.466291,10.0.2.15,115.113.240.203,10.0.2.2,10.0.2.15,10.0.2.2,1,download
951,14:50:19.465469,14:50:19.488946,10.0.2.15,115.113.240.203,10.194.0.13,10.0.2.15,10.194.0.13,2,download
952,14:50:19.563859,14:50:19.564313,10.0.2.15,115.113.240.203,10.0.2.2,10.0.2.15,10.0.2.2,1,download
953,14:50:19.564178,14:50:19.614988,10.0.2.15,115.113.240.203,10.254.239.5,10.0.2.15,10.254.239.5,3,download
954,14:50:19.564224,14:50:19.614562,10.0.2.15,115.113.240.203,10.194.0.13,10.0.2.15,10.194.0.13,2,download
955,14:50:19.665219,14:50:19.70088,10.0.2.15,115.113.240.203,10.254.239.5,10.0.2.15,10.254.239.5,3,download
957,14:50:19.665737,14:50:19.70088,10.0.2.15,115.113.240.203,10.194.0.13,10.0.2.15,10.194.0.13,2,download
956,14:50:19.665784,14:50:19.666055,10.0.2.15,115.113.240.203,10.0.2.2,10.0.2.15,10.0.2.2,1,download
958,14:50:19.763430,14:50:19.822232,10.0.2.15,115.113.240.203,10.254.239.5,10.0.2.15,10.254.239.5,3,download
959,14:50:19.765237,14:50:19.821497,10.0.2.15,115.113.240.203,10.194.0.13,10.0.2.15,10.194.0.13,2,download
960,14:50:19.765545,14:50:19.765711,10.0.2.15,115.113.240.203,10.0.2.2,10.0.2.15,10.0.2.2,1,download
961,14:50:19.867252,14:50:19.930542,10.0.2.15,115.113.240.203,10.254.239.5,10.0.2.15,10.254.239.5,3,download
962,14:50:19.867510,14:50:19.92973,10.0.2.15,115.113.240.203,10.194.0.13,10.0.2.15,10.194.0.13,2,download
963,14:50:19.867556,14:50:19.868283,10.0.2.15,115.113.240.203,10.0.2.2,10.0.2.15,10.0.2.2,1,download
964,14:50:19.966151,14:50:20.007116,10.0.2.15,115.113.240.203,10.254.239.5,10.0.2.15,10.254.239.5,3,download
965,14:50:19.968260,14:50:19.968611,10.0.2.15,115.113.240.203,10.0.2.2,10.0.2.15,10.0.2.2,1,download
966,14:50:19.969277,14:50:20.01941,10.0.2.15,115.113.240.203,10.194.0.13,10.0.2.15,10.194.0.13,2,download
967,14:50:20.078967,14:50:20.128554,10.0.2.15,115.113.240.203,10.194.0.13,10.0.2.15,10.194.0.13,2,download
968,14:50:20.079275,14:50:20.128446,10.0.2.15,115.113.240.203,10.254.239.5,10.0.2.15,10.254.239.5,3,download
969,14:50:20.081400,14:50:20.082556,10.0.2.15,115.113.240.203,10.0.2.2,10.0.2.15,10.0.2.2,1,download
971,14:50:20.166783,14:50:20.204892,10.0.2.15,115.113.240.203,10.254.239.5,10.0.2.15,10.254.239.5,3,download
970,14:50:20.166826,14:50:20.167422,10.0.2.15,115.113.240.203,10.0.2.2,10.0.2.15,10.0.2.2,1,download
972,14:50:20.166961,14:50:20.204892,10.0.2.15,115.113.240.203,10.194.0.13,10.0.2.15,10.194.0.13,2,download
973,14:50:20.263401,14:50:20.305398,10.0.2.15,115.113.240.203,10.254.239.5,10.0.2.15,10.254.239.5,3,download
974,14:50:20.263439,14:50:20.264067,10.0.2.15,115.113.240.203,10.0.2.2,10.0.2.15,10.0.2.2,1,download
975,14:50:20.263469,14:50:20.305397,10.0.2.15,115.113.240.203,10.194.0.13,10.0.2.15,10.194.0.13,2,download
976,14:50:20.364567,14:50:20.393953,10.0.2.15,115.113.240.203,10.194.0.13,10.0.2.15,10.194.0.13,2,download
977,14:50:20.365022,14:50:20.365134,10.0.2.15,115.113.240.203,10.0.2.2,10.0.2.15,10.0.2.2,1,download
978,14:50:20.365192,14:50:20.393953,10.0.2.15,115.113.240.203,10.254.239.5,10.0.2.15,10.254.239.5,3,download
979,14:50:20.463589,14:50:20.50494,10.0.2.15,115.113.240.203,10.254.239.5,10.0.2.15,10.254.239.5,3,download
980,14:50:20.463657,14:50:20.504939,10.0.2.15,115.113.240.203,10.194.0.13,10.0.2.15,10.194.0.13,2,download
981,14:50:20.463947,14:50:20.464135,10.0.2.15,115.113.240.203,10.0.2.2,10.0.2.15,10.0.2.2,1,download
982,14:50:20.564403,14:50:20.598109,10.0.2.15,115.113.240.203,10.254.239.5,10.0.2.15,10.254.239.5,3,download
983,14:50:20.564655,14:50:20.565369,10.0.2.15,115.113.240.203,10.0.2.2,10.0.2.15,10.0.2.2,1,download
984,14:50:20.564934,14:50:20.597597,10.0.2.15,115.113.240.203,10.194.0.13,10.0.2.15,10.194.0.13,2,download
985,14:50:20.668508,14:50:20.708495,10.0.2.15,115.113.240.203,10.254.239.5,10.0.2.15,10.254.239.5,3,download
986,14:50:20.668662,14:50:20.669717,10.0.2.15,115.113.240.203,10.0.2.2,10.0.2.15,10.0.2.2,1,download
987,14:50:20.669898,14:50:20.707289,10.0.2.15,115.113.240.203,10.194.0.13,10.0.2.15,10.194.0.13,2,download
988,14:50:20.776463,14:50:20.820879,10.0.2.15,115.113.240.203,10.194.0.13,10.0.2.15,10.194.0.13,2,download
989,14:50:20.777435,14:50:20.779567,10.0.2.15,115.113.240.203,10.0.2.2,10.0.2.15,10.0.2.2,1,download
990,14:50:20.781935,14:50:20.821595,10.0.2.15,115.113.240.203,10.254.239.5,10.0.2.15,10.254.239.5,3,download
991,14:50:20.863641,14:50:20.902965,10.0.2.15,115.113.240.203,10.254.239.5,10.0.2.15,10.254.239.5,3,download
992,14:50:20.863759,14:50:20.864109,10.0.2.15,115.113.240.203,10.0.2.2,10.0.2.15,10.0.2.2,1,download
993,14:50:20.863868,14:50:20.902369,10.0.2.15,115.113.240.203,10.194.0.13,10.0.2.15,10.194.0.13,2,download
994,14:50:20.963233,14:50:21.002887,10.0.2.15,115.113.240.203,10.254.239.5,10.0.2.15,10.254.239.5,3,download
995,14:50:20.964038,14:50:21.002887,10.0.2.15,115.113.240.203,10.194.0.13,10.0.2.15,10.194.0.13,2,download
996,14:50:20.965367,14:50:20.965628,10.0.2.15,115.113.240.203,10.0.2.2,10.0.2.15,10.0.2.2,1,download
997,14:50:21.066583,14:50:21.109399,10.0.2.15,115.113.240.203,10.254.239.5,10.0.2.15,10.254.239.5,3,download
998,14:50:21.066637,14:50:21.067266,10.0.2.15,115.113.240.203,10.0.2.2,10.0.2.15,10.0.2.2,1,download
999,14:50:21.066686,14:50:21.108927,10.0.2.15,115.113.240.203,10.194.0.13,10.0.2.15,10.194.0.13,2,download
1000,14:50:21.167073,14:50:21.210874,10.0.2.15,115.113.240.203,10.254.239.5,10.0.2.15,10.254.239.5,3,download
1001,14:50:21.170378,14:50:21.183683,10.0.2.15,115.113.240.203,10.0.2.2,10.0.2.15,10.0.2.2,1,download
1002,14:50:21.190398,14:50:21.241703,10.0.2.15,115.113.240.203,10.194.0.13,10.0.2.15,10.194.0.13,2,download
1003,14:50:21.268639,14:50:21.269634,10.0.2.15,115.113.240.203,10.0.2.2,10.0.2.15,10.0.2.2,1,download
1004,14:50:21.269015,14:50:21.301505,10.0.2.15,115.113.240.203,10.194.0.13,10.0.2.15,10.194.0.13,2,download
1005,14:50:21.269994,14:50:21.303277,10.0.2.15,115.113.240.203,10.254.239.5,10.0.2.15,10.254.239.5,3,download
1006,14:50:21.368560,14:50:21.389352,10.0.2.15,115.113.240.203,10.254.239.5,10.0.2.15,10.254.239.5,3,download
1007,14:50:21.368720,14:50:21.369767,10.0.2.15,115.113.240.203,10.0.2.2,10.0.2.15,10.0.2.2,1,download
1008,14:50:21.369898,14:50:21.386443,10.0.2.15,115.113.240.203,10.194.0.13,10.0.2.15,10.194.0.13,2,download
1009,14:50:21.462766,14:50:21.48697,10.0.2.15,115.113.240.203,10.194.0.13,10.0.2.15,10.194.0.13,2,download
1010,14:50:21.462813,14:50:21.46342,10.0.2.15,115.113.240.203,10.0.2.2,10.0.2.15,10.0.2.2,1,download
1011,14:50:21.464329,14:50:21.48697,10.0.2.15,115.113.240.203,10.254.239.5,10.0.2.15,10.254.239.5,3,download
1012,14:50:21.562439,14:50:21.585593,10.0.2.15,115.113.240.203,10.194.0.13,10.0.2.15,10.194.0.13,2,download
1013,14:50:21.562474,14:50:21.562931,10.0.2.15,115.113.240.203,10.0.2.2,10.0.2.15,10.0.2.2,1,download
1014,14:50:21.562797,14:50:21.585594,10.0.2.15,115.113.240.203,10.254.239.5,10.0.2.15,10.254.239.5,3,download
1016,14:50:21.667007,14:50:21.690451,10.0.2.15,115.113.240.203,10.254.239.5,10.0.2.15,10.254.239.5,3,download
1015,14:50:21.669616,14:50:21.672376,10.0.2.15,115.113.240.203,10.0.2.2,10.0.2.15,10.0.2.2,1,download
1017,14:50:21.671143,14:50:21.689155,10.0.2.15,115.113.240.203,10.194.0.13,10.0.2.15,10.194.0.13,2,download
1018,14:50:21.773977,14:50:21.801703,10.0.2.15,115.113.240.203,10.194.0.13,10.0.2.15,10.194.0.13,2,download
1019,14:50:21.776671,14:50:21.777718,10.0.2.15,115.113.240.203,10.0.2.2,10.0.2.15,10.0.2.2,1,download
1020,14:50:21.778417,14:50:21.806328,10.0.2.15,115.113.240.203,10.254.239.5,10.0.2.15,10.254.239.5,3,download
1021,14:50:21.871269,14:50:21.873977,10.0.2.15,115.113.240.203,10.0.2.2,10.0.2.15,10.0.2.2,1,download
1022,14:50:21.872592,14:50:21.93056,10.0.2.15,115.113.240.203,10.254.239.5,10.0.2.15,10.254.239.5,3,download
1023,14:50:21.873539,14:50:21.93056,10.0.2.15,115.113.240.203,10.194.0.13,10.0.2.15,10.194.0.13,2,download
1025,14:50:21.962423,14:50:22.024893,10.0.2.15,115.113.240.203,10.194.0.13,10.0.2.15,10.194.0.13,2,download
1024,14:50:21.962456,14:50:22.024893,10.0.2.15,115.113.240.203,10.254.239.5,10.0.2.15,10.254.239.5,3,download
1026,14:50:21.963552,14:50:21.963832,10.0.2.15,115.113.240.203,10.0.2.2,10.0.2.15,10.0.2.2,1,download
1027,14:50:22.062657,14:50:22.095189,10.0.2.15,115.113.240.203,10.194.0.13,10.0.2.15,10.194.0.13,2,download
1028,14:50:22.062811,14:50:22.066414,10.0.2.15,115.113.240.203,10.0.2.2,10.0.2.15,10.0.2.2,1,download
1029,14:50:22.063517,14:50:22.096185,10.0.2.15,115.113.240.203,10.254.239.5,10.0.2.15,10.254.239.5,3,download
1030,14:50:22.166754,14:50:22.203823,10.0.2.15,115.113.240.203,10.254.239.5,10.0.2.15,10.254.239.5,3,download
1031,14:50:22.167433,14:50:22.168283,10.0.2.15,115.113.240.203,10.0.2.2,10.0.2.15,10.0.2.2,1,download
1032,14:50:22.168409,14:50:22.203822,10.0.2.15,115.113.240.203,10.194.0.13,10.0.2.15,10.194.0.13,2,download
1033,14:50:22.271010,14:50:22.271983,10.0.2.15,115.113.240.203,10.0.2.2,10.0.2.15,10.0.2.2,1,download
1034,14:50:22.271685,14:50:22.28844,10.0.2.15,115.113.240.203,10.194.0.13,10.0.2.15,10.194.0.13,2,download
1035,14:50:22.273459,14:50:22.294339,10.0.2.15,115.113.240.203,10.254.239.5,10.0.2.15,10.254.239.5,3,download
1036,14:50:22.363006,14:50:22.394107,10.0.2.15,115.113.240.203,10.194.0.13,10.0.2.15,10.194.0.13,2,download
1037,14:50:22.363042,14:50:22.36362,10.0.2.15,115.113.240.203,10.0.2.2,10.0.2.15,10.0.2.2,1,download
1038,14:50:22.363089,14:50:22.394107,10.0.2.15,115.113.240.203,10.254.239.5,10.0.2.15,10.254.239.5,3,download
1039,14:50:22.465834,14:50:22.49141,10.0.2.15,115.113.240.203,10.254.239.5,10.0.2.15,10.254.239.5,3,download
1040,14:50:22.465978,14:50:22.466499,10.0.2.15,115.113.240.203,10.0.2.2,10.0.2.15,10.0.2.2,1,download
1041,14:50:22.466187,14:50:22.493012,10.0.2.15,115.113.240.203,10.194.0.13,10.0.2.15,10.194.0.13,2,download
1042,14:50:22.566444,14:50:22.566878,10.0.2.15,115.113.240.203,10.0.2.2,10.0.2.15,10.0.2.2,1,download
1043,14:50:22.566502,14:50:22.585911,10.0.2.15,115.113.240.203,10.254.239.5,10.0.2.15,10.254.239.5,3,download
1044,14:50:22.566652,14:50:22.5852,10.0.2.15,115.113.240.203,10.194.0.13,10.0.2.15,10.194.0.13,2,download
1045,14:50:22.666781,14:50:22.667676,10.0.2.15,115.113.240.203,10.0.2.2,10.0.2.15,10.0.2.2,1,download
1046,14:50:22.667350,14:50:22.700572,10.0.2.15,115.113.240.203,10.254.239.5,10.0.2.15,10.254.239.5,3,download
1047,14:50:22.667645,14:50:22.703065,10.0.2.15,115.113.240.203,10.194.0.13,10.0.2.15,10.194.0.13,2,download
1048,14:50:22.768759,14:50:22.813099,10.0.2.15,115.113.240.203,10.254.239.5,10.0.2.15,10.254.239.5,3,download
1049,14:50:22.769779,14:50:22.770416,10.0.2.15,115.113.240.203,10.0.2.2,10.0.2.15,10.0.2.2,1,download
1050,14:50:22.772304,14:50:22.822025,10.0.2.15,115.113.240.203,10.194.0.13,10.0.2.15,10.194.0.13,2,download
1051,14:50:22.862737,14:50:22.875934,10.0.2.15,115.113.240.203,10.254.239.5,10.0.2.15,10.254.239.5,3,download
1052,14:50:22.863020,14:50:22.875462,10.0.2.15,115.113.240.203,10.194.0.13,10.0.2.15,10.194.0.13,2,download
1053,14:50:22.863702,14:50:22.864097,10.0.2.15,115.113.240.203,10.0.2.2,10.0.2.15,10.0.2.2,1,download
1054,14:50:22.963024,14:50:22.994854,10.0.2.15,115.113.240.203,10.254.239.5,10.0.2.15,10.254.239.5,3,download
1055,14:50:22.963491,14:50:22.994527,10.0.2.15,115.113.240.203,10.194.0.13,10.0.2.15,10.194.0.13,2,download
1056,14:50:22.963526,14:50:22.963743,10.0.2.15,115.113.240.203,10.0.2.2,10.0.2.15,10.0.2.2,1,download
1057,14:50:23.064037,14:50:23.096524,10.0.2.15,115.113.240.203,10.254.239.5,10.0.2.15,10.254.239.5,3,download
1058,14:50:23.064245,14:50:23.064866,10.0.2.15,115.113.240.203,10.0.2.2,10.0.2.15,10.0.2.2,1,download
1059,14:50:23.065211,14:50:23.096902,10.0.2.15,115.113.240.203,10.194.0.13,10.0.2.15,10.194.0.13,2,download
1060,14:50:23.163220,14:50:23.200456,10.0.2.15,115.113.240.203,10.254.239.5,10.0.2.15,10.254.239.5,3,download
1061,14:50:23.163256,14:50:23.200456,10.0.2.15,115.113.240.203,10.194.0.13,10.0.2.15,10.194.0.13,2,download
1062,14:50:23.164303,14:50:23.16692,10.0.2.15,115.113.240.203,10.0.2.2,10.0.2.15,10.0.2.2,1,download
1063,14:50:23.271054,14:50:23.306649,10.0.2.15,115.113.240.203,10.194.0.13,10.0.2.15,10.194.0.13,2,download
1064,14:50:23.271270,14:50:23.306649,10.0.2.15,115.113.240.203,10.254.239.5,10.0.2.15,10.254.239.5,3,download
1065,14:50:23.279061,14:50:23.2799,10.0.2.15,115.113.240.203,10.0.2.2,10.0.2.15,10.0.2.2,1,download
1066,14:50:23.368475,14:50:23.384131,10.0.2.15,115.113.240.203,10.254.239.5,10.0.2.15,10.254.239.5,3,download
1067,14:50:23.369240,14:50:23.36965,10.0.2.15,115.113.240.203,10.0.2.2,10.0.2.15,10.0.2.2,1,download
1068,14:50:23.369737,14:50:23.401826,10.0.2.15,115.113.240.203,10.194.0.13,10.0.2.15,10.194.0.13,2,download
1069,14:50:23.463657,14:50:23.510472,10.0.2.15,115.113.240.203,10.254.239.5,10.0.2.15,10.254.239.5,3,download
1070,14:50:23.463952,14:50:23.464501,10.0.2.15,115.113.240.203,10.0.2.2,10.0.2.15,10.0.2.2,1,download
1071,14:50:23.464392,14:50:23.510471,10.0.2.15,115.113.240.203,10.194.0.13,10.0.2.15,10.194.0.13,2,download
1072,14:50:23.563492,14:50:23.585143,10.0.2.15,115.113.240.203,10.254.239.5,10.0.2.15,10.254.239.5,3,download
1073,14:50:23.563581,14:50:23.564143,10.0.2.15,115.113.240.203,10.0.2.2,10.0.2.15,10.0.2.2,1,download
1074,14:50:23.564050,14:50:23.585143,10.0.2.15,115.113.240.203,10.194.0.13,10.0.2.15,10.194.0.13,2,download
1075,14:50:23.663381,14:50:23.663797,10.0.2.15,115.113.240.203,10.0.2.2,10.0.2.15,10.0.2.2,1,download
1076,14:50:23.663580,14:50:23.687144,10.0.2.15,115.113.240.203,10.254.239.5,10.0.2.15,10.254.239.5,3,download
1077,14:50:23.664149,14:50:23.687144,10.0.2.15,115.113.240.203,10.194.0.13,10.0.2.15,10.194.0.13,2,download
1078,14:50:23.766533,14:50:23.784048,10.0.2.15,115.113.240.203,10.194.0.13,10.0.2.15,10.194.0.13,2,download
1079,14:50:23.766750,14:50:23.784048,10.0.2.15,115.113.240.203,10.254.239.5,10.0.2.15,10.254.239.5,3,download
1080,14:50:23.766957,14:50:23.767242,10.0.2.15,115.113.240.203,10.0.2.2,10.0.2.15,10.0.2.2,1,download
1081,14:50:23.865012,14:50:23.865737,10.0.2.15,115.113.240.203,10.0.2.2,10.0.2.15,10.0.2.2,1,download
1082,14:50:23.865363,14:50:23.922792,10.0.2.15,115.113.240.203,10.254.239.5,10.0.2.15,10.254.239.5,3,download
1083,14:50:23.866035,14:50:23.922792,10.0.2.15,115.113.240.203,10.194.0.13,10.0.2.15,10.194.0.13,2,download
1084,14:50:23.967754,14:50:24.003306,10.0.2.15,115.113.240.203,10.254.239.5,10.0.2.15,10.254.239.5,3,download
1085,14:50:23.968361,14:50:24.003306,10.0.2.15,115.113.240.203,10.194.0.13,10.0.2.15,10.194.0.13,2,download
1086,14:50:23.975106,14:50:23.975717,10.0.2.15,115.113.240.203,10.0.2.2,10.0.2.15,10.0.2.2,1,download
1087,14:50:24.067897,14:50:24.069854,10.0.2.15,115.113.240.203,10.0.2.2,10.0.2.15,10.0.2.2,1,download
1088,14:50:24.068047,14:50:24.104616,10.0.2.15,115.113.240.203,10.194.0.13,10.0.2.15,10.194.0.13,2,download
1089,14:50:24.069747,14:50:24.10975,10.0.2.15,115.113.240.203,10.254.239.5,10.0.2.15,10.254.239.5,3,download
1090,14:50:24.166006,14:50:24.201299,10.0.2.15,115.113.240.203,10.194.0.13,10.0.2.15,10.194.0.13,2,download
1091,14:50:24.166062,14:50:24.201884,10.0.2.15,115.113.240.203,10.254.239.5,10.0.2.15,10.254.239.5,3,download
1092,14:50:24.166783,14:50:24.167649,10.0.2.15,115.113.240.203,10.0.2.2,10.0.2.15,10.0.2.2,1,download
1093,14:50:24.263188,14:50:24.288102,10.0.2.15,115.113.240.203,10.254.239.5,10.0.2.15,10.254.239.5,3,download
1094,14:50:24.263946,14:50:24.264325,10.0.2.15,115.113.240.203,10.0.2.2,10.0.2.15,10.0.2.2,1,download
1095,14:50:24.264405,14:50:24.287834,10.0.2.15,115.113.240.203,10.194.0.13,10.0.2.15,10.194.0.13,2,download
1096,14:50:24.363708,14:50:24.375626,10.0.2.15,115.113.240.203,10.194.0.13,10.0.2.15,10.194.0.13,2,download
1097,14:50:24.364090,14:50:24.364443,10.0.2.15,115.113.240.203,10.0.2.2,10.0.2.15,10.0.2.2,1,download
1098,14:50:24.364207,14:50:24.375626,10.0.2.15,115.113.240.203,10.254.239.5,10.0.2.15,10.254.239.5,3,download
1099,14:50:24.463469,14:50:24.479103,10.0.2.15,115.113.240.203,10.194.0.13,10.0.2.15,10.194.0.13,2,download
1100,14:50:24.472047,14:50:24.479939,10.0.2.15,115.113.240.203,10.254.239.5,10.0.2.15,10.254.239.5,3,download
1101,14:50:24.474847,14:50:24.475805,10.0.2.15,115.113.240.203,10.0.2.2,10.0.2.15,10.0.2.2,1,download
1102,14:50:24.568360,14:50:24.587824,10.0.2.15,115.113.240.203,10.194.0.13,10.0.2.15,10.194.0.13,2,download
1103,14:50:24.570296,14:50:24.572968,10.0.2.15,115.113.240.203,10.0.2.2,10.0.2.15,10.0.2.2,1,download
1104,14:50:24.572312,14:50:24.594854,10.0.2.15,115.113.240.203,10.254.239.5,10.0.2.15,10.254.239.5,3,download
1105,14:50:24.670180,14:50:24.671061,10.0.2.15,115.113.240.203,10.0.2.2,10.0.2.15,10.0.2.2,1,download
1106,14:50:24.671945,14:50:24.702692,10.0.2.15,115.113.240.203,10.194.0.13,10.0.2.15,10.194.0.13,2,download
1107,14:50:24.673581,14:50:24.713226,10.0.2.15,115.113.240.203,10.254.239.5,10.0.2.15,10.254.239.5,3,download
1108,14:50:24.764310,14:50:24.78653,10.0.2.15,115.113.240.203,10.194.0.13,10.0.2.15,10.194.0.13,2,download
1109,14:50:24.764711,14:50:24.764905,10.0.2.15,115.113.240.203,10.0.2.2,10.0.2.15,10.0.2.2,1,download
1110,14:50:24.764838,14:50:24.786532,10.0.2.15,115.113.240.203,10.254.239.5,10.0.2.15,10.254.239.5,3,download
1111,14:50:24.863756,14:50:24.925573,10.0.2.15,115.113.240.203,10.254.239.5,10.0.2.15,10.254.239.5,3,download
1112,14:50:24.863778,14:50:24.924854,10.0.2.15,115.113.240.203,10.194.0.13,10.0.2.15,10.194.0.13,2,download
1113,14:50:24.864688,14:50:24.865133,10.0.2.15,115.113.240.203,10.0.2.2,10.0.2.15,10.0.2.2,1,download
1114,14:50:24.963394,14:50:24.994951,10.0.2.15,115.113.240.203,10.254.239.5,10.0.2.15,10.254.239.5,3,download
1115,14:50:24.963945,14:50:24.965664,10.0.2.15,115.113.240.203,10.0.2.2,10.0.2.15,10.0.2.2,1,download
1116,14:50:24.963968,14:50:24.994595,10.0.2.15,115.113.240.203,10.194.0.13,10.0.2.15,10.194.0.13,2,download
1117,14:50:25.063823,14:50:25.064324,10.0.2.15,115.113.240.203,10.0.2.2,10.0.2.15,10.0.2.2,1,download
1118,14:50:25.063861,14:50:25.085283,10.0.2.15,115.113.240.203,10.194.0.13,10.0.2.15,10.194.0.13,2,download
1119,14:50:25.063916,14:50:25.085992,10.0.2.15,115.113.240.203,10.254.239.5,10.0.2.15,10.254.239.5,3,download
1120,14:50:25.164551,14:50:25.194404,10.0.2.15,115.113.240.203,10.194.0.13,10.0.2.15,10.194.0.13,2,download
1121,14:50:25.164655,14:50:25.194405,10.0.2.15,115.113.240.203,10.254.239.5,10.0.2.15,10.254.239.5,3,download
1122,14:50:25.165879,14:50:25.166882,10.0.2.15,115.113.240.203,10.0.2.2,10.0.2.15,10.0.2.2,1,download
1123,14:50:25.263741,14:50:25.264128,10.0.2.15,115.113.240.203,10.0.2.2,10.0.2.15,10.0.2.2,1,download
1124,14:50:25.263825,14:50:25.303624,10.0.2.15,115.113.240.203,10.254.239.5,10.0.2.15,10.254.239.5,3,download
1125,14:50:25.264385,14:50:25.303624,10.0.2.15,115.113.240.203,10.194.0.13,10.0.2.15,10.194.0.13,2,download
1126,14:50:25.363376,14:50:25.363753,10.0.2.15,115.113.240.203,10.0.2.2,10.0.2.15,10.0.2.2,1,download
1129,14:50:25.462994,14:50:25.47654,10.0.2.15,115.113.240.203,10.254.239.5,10.0.2.15,10.254.239.5,3,download
1130,14:50:25.463039,14:50:25.47654,10.0.2.15,115.113.240.203,10.194.0.13,10.0.2.15,10.194.0.13,2,download
1131,14:50:25.463127,14:50:25.463607,10.0.2.15,115.113.240.203,10.0.2.2,10.0.2.15,10.0.2.2,1,download
1133,14:50:25.564485,14:50:25.572721,10.0.2.15,115.113.240.203,10.194.0.13,10.0.2.15,10.194.0.13,2,download
1132,14:50:25.564539,14:50:25.573909,10.0.2.15,115.113.240.203,10.254.239.5,10.0.2.15,10.254.239.5,3,download
1134,14:50:25.564673,14:50:25.565607,10.0.2.15,115.113.240.203,10.0.2.2,10.0.2.15,10.0.2.2,1,download
1135,14:50:25.664200,14:50:25.683622,10.0.2.15,115.113.240.203,10.254.239.5,10.0.2.15,10.254.239.5,3,download
1136,14:50:25.664252,14:50:25.6652,10.0.2.15,115.113.240.203,10.0.2.2,10.0.2.15,10.0.2.2,1,download
1137,14:50:25.664254,14:50:25.680633,10.0.2.15,115.113.240.203,10.194.0.13,10.0.2.15,10.194.0.13,2,download
1138,14:50:25.766892,14:50:25.802364,10.0.2.15,115.113.240.203,10.254.239.5,10.0.2.15,10.254.239.5,3,download
1139,14:50:25.767079,14:50:25.767547,10.0.2.15,115.113.240.203,10.0.2.2,10.0.2.15,10.0.2.2,1,download
1140,14:50:25.767244,14:50:25.801381,10.0.2.15,115.113.240.203,10.194.0.13,10.0.2.15,10.194.0.13,2,download
1141,14:50:25.867456,14:50:25.900714,10.0.2.15,115.113.240.203,10.254.239.5,10.0.2.15,10.254.239.5,3,download
1142,14:50:25.868424,14:50:25.900714,10.0.2.15,115.113.240.203,10.194.0.13,10.0.2.15,10.194.0.13,2,download
1143,14:50:25.871466,14:50:25.872877,10.0.2.15,115.113.240.203,10.0.2.2,10.0.2.15,10.0.2.2,1,download
1144,14:50:25.963235,14:50:25.998097,10.0.2.15,115.113.240.203,10.194.0.13,10.0.2.15,10.194.0.13,2,download
1145,14:50:25.963275,14:50:25.96393,10.0.2.15,115.113.240.203,10.0.2.2,10.0.2.15,10.0.2.2,1,download
1146,14:50:25.963332,14:50:25.998097,10.0.2.15,115.113.240.203,10.254.239.5,10.0.2.15,10.254.239.5,3,download
1147,14:50:26.063824,14:50:26.084506,10.0.2.15,115.113.240.203,10.194.0.13,10.0.2.15,10.194.0.13,2,download
1148,14:50:26.064011,14:50:26.064787,10.0.2.15,115.113.240.203,10.0.2.2,10.0.2.15,10.0.2.2,1,download
1149,14:50:26.064292,14:50:26.084506,10.0.2.15,115.113.240.203,10.254.239.5,10.0.2.15,10.254.239.5,3,download
1152,14:50:26.163423,14:50:26.261161,10.0.2.15,115.113.240.203,10.194.0.13,10.0.2.15,10.194.0.13,2,download
1151,14:50:26.163453,14:50:26.261162,10.0.2.15,115.113.240.203,10.254.239.5,10.0.2.15,10.254.239.5,3,download
1150,14:50:26.163455,14:50:26.164008,10.0.2.15,115.113.240.203,10.0.2.2,10.0.2.15,10.0.2.2,1,download
1153,14:50:26.268038,14:50:26.268517,10.0.2.15,115.113.240.203,10.0.2.2,10.0.2.15,10.0.2.2,1,download
1154,14:50:26.268986,14:50:26.28535,10.0.2.15,115.113.240.203,10.194.0.13,10.0.2.15,10.194.0.13,2,download
1155,14:50:26.270334,14:50:26.28535,10.0.2.15,115.113.240.203,10.254.239.5,10.0.2.15,10.254.239.5,3,download
1156,14:50:26.367244,14:50:26.395169,10.0.2.15,115.113.240.203,10.194.0.13,10.0.2.15,10.194.0.13,2,download
1157,14:50:26.368864,14:50:26.396281,10.0.2.15,115.113.240.203,10.254.239.5,10.0.2.15,10.254.239.5,3,download
1158,14:50:26.369511,14:50:26.370443,10.0.2.15,115.113.240.203,10.0.2.2,10.0.2.15,10.0.2.2,1,download
1159,14:50:26.467734,14:50:26.522034,10.0.2.15,115.113.240.203,10.194.0.13,10.0.2.15,10.194.0.13,2,download
1160,14:50:26.477680,14:50:26.484993,10.0.2.15,115.113.240.203,10.0.2.2,10.0.2.15,10.0.2.2,1,download
1161,14:50:26.477714,14:50:26.528251,10.0.2.15,115.113.240.203,10.254.239.5,10.0.2.15,10.254.239.5,3,download
1162,14:50:26.565167,14:50:26.605739,10.0.2.15,115.113.240.203,10.254.239.5,10.0.2.15,10.254.239.5,3,download
1163,14:50:26.565219,14:50:26.605739,10.0.2.15,115.113.240.203,10.194.0.13,10.0.2.15,10.194.0.13,2,download
1164,14:50:26.567177,14:50:26.567516,10.0.2.15,115.113.240.203,10.0.2.2,10.0.2.15,10.0.2.2,1,download
1165,14:50:26.663329,14:50:26.706477,10.0.2.15,115.113.240.203,10.194.0.13,10.0.2.15,10.194.0.13,2,download
1166,14:50:26.663948,14:50:26.664812,10.0.2.15,115.113.240.203,10.0.2.2,10.0.2.15,10.0.2.2,1,download
1167,14:50:26.664110,14:50:26.706478,10.0.2.15,115.113.240.203,10.254.239.5,10.0.2.15,10.254.239.5,3,download
1168,14:50:26.763656,14:50:26.764083,10.0.2.15,115.113.240.203,10.0.2.2,10.0.2.15,10.0.2.2,1,download
1169,14:50:26.764357,14:50:26.769884,10.0.2.15,115.113.240.203,10.194.0.13,10.0.2.15,10.194.0.13,2,download
1170,14:50:26.764432,14:50:26.770171,10.0.2.15,115.113.240.203,10.254.239.5,10.0.2.15,10.254.239.5,3,download
1171,14:50:26.863170,14:50:26.88749,10.0.2.15,115.113.240.203,10.254.239.5,10.0.2.15,10.254.239.5,3,download
1172,14:50:26.863264,14:50:26.88749,10.0.2.15,115.113.240.203,10.194.0.13,10.0.2.15,10.194.0.13,2,download
1173,14:50:26.863489,14:50:26.863858,10.0.2.15,115.113.240.203,10.0.2.2,10.0.2.15,10.0.2.2,1,download
1174,14:50:26.963078,14:50:26.963567,10.0.2.15,115.113.240.203,10.0.2.2,10.0.2.15,10.0.2.2,1,download
1175,14:50:26.964233,14:50:27.00625,10.0.2.15,115.113.240.203,10.254.239.5,10.0.2.15,10.254.239.5,3,download
1176,14:50:26.964690,14:50:27.005677,10.0.2.15,115.113.240.203,10.194.0.13,10.0.2.15,10.194.0.13,2,download
1177,14:50:27.074752,14:50:27.07573,10.0.2.15,115.113.240.203,10.0.2.2,10.0.2.15,10.0.2.2,1,download
1178,14:50:27.074817,14:50:27.105294,10.0.2.15,115.113.240.203,10.194.0.13,10.0.2.15,10.194.0.13,2,download
1179,14:50:27.075252,14:50:27.106451,10.0.2.15,115.113.240.203,10.254.239.5,10.0.2.15,10.254.239.5,3,download
1180,14:50:27.167187,14:50:27.167748,10.0.2.15,115.113.240.203,10.0.2.2,10.0.2.15,10.0.2.2,1,download
1181,14:50:27.167289,14:50:27.188154,10.0.2.15,115.113.240.203,10.254.239.5,10.0.2.15,10.254.239.5,3,download
1182,14:50:27.171442,14:50:27.200278,10.0.2.15,115.113.240.203,10.194.0.13,10.0.2.15,10.194.0.13,2,download
1183,14:50:27.265539,14:50:27.265982,10.0.2.15,115.113.240.203,10.0.2.2,10.0.2.15,10.0.2.2,1,download
1184,14:50:27.266633,14:50:27.298719,10.0.2.15,115.113.240.203,10.254.239.5,10.0.2.15,10.254.239.5,3,download
1185,14:50:27.266876,14:50:27.298719,10.0.2.15,115.113.240.203,10.194.0.13,10.0.2.15,10.194.0.13,2,download
1188,14:50:27.363684,14:50:27.363996,10.0.2.15,115.113.240.203,10.0.2.2,10.0.2.15,10.0.2.2,1,download
1189,14:50:27.464288,14:50:27.482475,10.0.2.15,115.113.240.203,10.194.0.13,10.0.2.15,10.194.0.13,2,download
1190,14:50:27.464342,14:50:27.483627,10.0.2.15,115.113.240.203,10.254.239.5,10.0.2.15,10.254.239.5,3,download
1191,14:50:27.465520,14:50:27.465917,10.0.2.15,115.113.240.203,10.0.2.2,10.0.2.15,10.0.2.2,1,download
1192,14:50:27.563599,14:50:27.593097,10.0.2.15,115.113.240.203,10.194.0.13,10.0.2.15,10.194.0.13,2,download
1193,14:50:27.563645,14:50:27.564255,10.0.2.15,115.113.240.203,10.0.2.2,10.0.2.15,10.0.2.2,1,download
1194,14:50:27.563883,14:50:27.593097,10.0.2.15,115.113.240.203,10.254.239.5,10.0.2.15,10.254.239.5,3,download
1195,14:50:27.663965,14:50:27.689139,10.0.2.15,115.113.240.203,10.194.0.13,10.0.2.15,10.194.0.13,2,download
1196,14:50:27.664651,14:50:27.68914,10.0.2.15,115.113.240.203,10.254.239.5,10.0.2.15,10.254.239.5,3,download
1197,14:50:27.665299,14:50:27.665864,10.0.2.15,115.113.240.203,10.0.2.2,10.0.2.15,10.0.2.2,1,download
1198,14:50:27.766769,14:50:27.801215,10.0.2.15,115.113.240.203,10.254.239.5,10.0.2.15,10.254.239.5,3,download
1199,14:50:27.767694,14:50:27.767982,10.0.2.15,115.113.240.203,10.0.2.2,10.0.2.15,10.0.2.2,1,download
1200,14:50:27.770628,14:50:27.8013,10.0.2.15,115.113.240.203,10.194.0.13,10.0.2.15,10.194.0.13,2,download
1202,14:50:27.863591,14:50:27.907543,10.0.2.15,115.113.240.203,10.254.239.5,10.0.2.15,10.254.239.5,3,download
1201,14:50:27.863633,14:50:27.907544,10.0.2.15,115.113.240.203,10.194.0.13,10.0.2.15,10.194.0.13,2,download
1203,14:50:27.864443,14:50:27.864807,10.0.2.15,115.113.240.203,10.0.2.2,10.0.2.15,10.0.2.2,1,download
1204,14:50:27.973024,14:50:28.02089,10.0.2.15,115.113.240.203,10.194.0.13,10.0.2.15,10.194.0.13,2,download
1205,14:50:27.973036,14:50:28.018498,10.0.2.15,115.113.240.203,10.254.239.5,10.0.2.15,10.254.239.5,3,download
1206,14:50:27.973038,14:50:27.974167,10.0.2.15,115.113.240.203,10.0.2.2,10.0.2.15,10.0.2.2,1,download
1208,14:50:28.064613,14:50:28.064943,10.0.2.15,115.113.240.203,10.0.2.2,10.0.2.15,10.0.2.2,1,download
1207,14:50:28.064642,14:50:28.097775,10.0.2.15,115.113.240.203,10.254.239.5,10.0.2.15,10.254.239.5,3,download
1209,14:50:28.064688,14:50:28.095875,10.0.2.15,115.113.240.203,10.194.0.13,10.0.2.15,10.194.0.13,2,download
1210,14:50:28.162722,14:50:28.178512,10.0.2.15,115.113.240.203,10.194.0.13,10.0.2.15,10.194.0.13,2,download
1211,14:50:28.162787,14:50:28.179723,10.0.2.15,115.113.240.203,10.254.239.5,10.0.2.15,10.254.239.5,3,download
1212,14:50:28.163020,14:50:28.163584,10.0.2.15,115.113.240.203,10.0.2.2,10.0.2.15,10.0.2.2,1,download
1213,14:50:28.264856,14:50:28.267251,10.0.2.15,115.113.240.203,10.254.239.5,10.0.2.15,10.254.239.5,3,download
1214,14:50:28.265269,14:50:28.26546,10.0.2.15,115.113.240.203,10.0.2.2,10.0.2.15,10.0.2.2,1,download
1215,14:50:28.265702,14:50:28.269279,10.0.2.15,115.113.240.203,10.194.0.13,10.0.2.15,10.194.0.13,2,download
1217,14:50:28.366258,14:50:28.371431,10.0.2.15,115.113.240.203,10.254.239.5,10.0.2.15,10.254.239.5,3,download
1216,14:50:28.366307,14:50:28.367157,10.0.2.15,115.113.240.203,10.0.2.2,10.0.2.15,10.0.2.2,1,download
1218,14:50:28.366496,14:50:28.37006,10.0.2.15,115.113.240.203,10.194.0.13,10.0.2.15,10.194.0.13,2,download
1219,14:50:28.464774,14:50:28.465704,10.0.2.15,115.113.240.203,10.0.2.2,10.0.2.15,10.0.2.2,1,download
1220,14:50:28.465336,14:50:28.489484,10.0.2.15,115.113.240.203,10.254.239.5,10.0.2.15,10.254.239.5,3,download
1221,14:50:28.465684,14:50:28.484288,10.0.2.15,115.113.240.203,10.194.0.13,10.0.2.15,10.194.0.13,2,download
1222,14:50:28.565694,14:50:28.5876,10.0.2.15,115.113.240.203,10.194.0.13,10.0.2.15,10.194.0.13,2,download
1223,14:50:28.566328,14:50:28.59454,10.0.2.15,115.113.240.203,10.254.239.5,10.0.2.15,10.254.239.5,3,download
1224,14:50:28.566951,14:50:28.567909,10.0.2.15,115.113.240.203,10.0.2.2,10.0.2.15,10.0.2.2,1,download
1225,14:50:28.667095,14:50:28.667643,10.0.2.15,115.113.240.203,10.0.2.2,10.0.2.15,10.0.2.2,1,download
1226,14:50:28.667230,14:50:28.694978,10.0.2.15,115.113.240.203,10.194.0.13,10.0.2.15,10.194.0.13,2,download
1227,14:50:28.668131,14:50:28.694979,10.0.2.15,115.113.240.203,10.254.239.5,10.0.2.15,10.254.239.5,3,download
1228,14:50:28.764190,14:50:28.806683,10.0.2.15,115.113.240.203,10.194.0.13,10.0.2.15,10.194.0.13,2,download
1229,14:50:28.764267,14:50:28.764824,10.0.2.15,115.113.240.203,10.0.2.2,10.0.2.15,10.0.2.2,1,download
1230,14:50:28.764997,14:50:28.806683,10.0.2.15,115.113.240.203,10.254.239.5,10.0.2.15,10.254.239.5,3,download
1231,14:50:28.864418,14:50:28.864821,10.0.2.15,115.113.240.203,10.0.2.2,10.0.2.15,10.0.2.2,1,download
1232,14:50:28.864471,14:50:28.882058,10.0.2.15,115.113.240.203,10.254.239.5,10.0.2.15,10.254.239.5,3,download
1233,14:50:28.866251,14:50:28.882058,10.0.2.15,115.113.240.203,10.194.0.13,10.0.2.15,10.194.0.13,2,download
1234,14:50:28.965560,14:50:28.965985,10.0.2.15,115.113.240.203,10.0.2.2,10.0.2.15,10.0.2.2,1,download
1235,14:50:28.965614,14:50:29.002804,10.0.2.15,115.113.240.203,10.254.239.5,10.0.2.15,10.254.239.5,3,download
1236,14:50:28.965638,14:50:29.003918,10.0.2.15,115.113.240.203,10.194.0.13,10.0.2.15,10.194.0.13,2,download
1237,14:50:29.070469,14:50:29.072134,10.0.2.15,115.113.240.203,10.0.2.2,10.0.2.15,10.0.2.2,1,download
1238,14:50:29.072599,14:50:29.111375,10.0.2.15,115.113.240.203,10.194.0.13,10.0.2.15,10.194.0.13,2,download
1239,14:50:29.078149,14:50:29.114132,10.0.2.15,115.113.240.203,10.254.239.5,10.0.2.15,10.254.239.5,3,download
1240,14:50:29.166818,14:50:29.167129,10.0.2.15,115.113.240.203,10.0.2.2,10.0.2.15,10.0.2.2,1,download
1241,14:50:29.166848,14:50:29.21122,10.0.2.15,115.113.240.203,10.254.239.5,10.0.2.15,10.254.239.5,3,download
1242,14:50:29.167762,14:50:29.211219,10.0.2.15,115.113.240.203,10.194.0.13,10.0.2.15,10.194.0.13,2,download
1243,14:50:29.267685,14:50:29.269026,10.0.2.15,115.113.240.203,10.0.2.2,10.0.2.15,10.0.2.2,1,download
1244,14:50:29.268041,14:50:29.314695,10.0.2.15,115.113.240.203,10.194.0.13,10.0.2.15,10.194.0.13,2,download
1245,14:50:29.271164,14:50:29.322164,10.0.2.15,115.113.240.203,10.254.239.5,10.0.2.15,10.254.239.5,3,download
1246,14:50:29.362688,14:50:29.363132,10.0.2.15,115.113.240.203,10.0.2.2,10.0.2.15,10.0.2.2,1,download
1247,14:50:29.362913,14:50:29.369995,10.0.2.15,115.113.240.203,10.254.239.5,10.0.2.15,10.254.239.5,3,download
1248,14:50:29.363480,14:50:29.369996,10.0.2.15,115.113.240.203,10.194.0.13,10.0.2.15,10.194.0.13,2,download
1249,14:50:29.464115,14:50:29.464697,10.0.2.15,115.113.240.203,10.0.2.2,10.0.2.15,10.0.2.2,1,download
1250,14:50:29.464448,14:50:29.471028,10.0.2.15,115.113.240.203,10.194.0.13,10.0.2.15,10.194.0.13,2,download
1251,14:50:29.464591,14:50:29.472264,10.0.2.15,115.113.240.203,10.254.239.5,10.0.2.15,10.254.239.5,3,download
1252,14:50:29.570504,14:50:29.576792,10.0.2.15,115.113.240.203,10.194.0.13,10.0.2.15,10.194.0.13,2,upload
1253,14:50:29.570564,14:50:29.571314,10.0.2.15,115.113.240.203,10.0.2.2,10.0.2.15,10.0.2.2,1,upload
1254,14:50:29.572968,14:50:29.579898,10.0.2.15,115.113.240.203,10.254.239.5,10.0.2.15,10.254.239.5,3,upload
1255,14:50:29.663548,14:50:29.677346,10.0.2.15,115.113.240.203,10.254.239.5,10.0.2.15,10.254.239.5,3,upload
1256,14:50:29.663580,14:50:29.66426,10.0.2.15,115.113.240.203,10.0.2.2,10.0.2.15,10.0.2.2,1,upload
1257,14:50:29.663581,14:50:29.676782,10.0.2.15,115.113.240.203,10.194.0.13,10.0.2.15,10.194.0.13,2,upload
1258,14:50:29.764084,14:50:29.764517,10.0.2.15,115.113.240.203,10.0.2.2,10.0.2.15,10.0.2.2,1,upload
1259,14:50:29.764110,14:50:29.781422,10.0.2.15,115.113.240.203,10.254.239.5,10.0.2.15,10.254.239.5,3,upload
1260,14:50:29.764111,14:50:29.771451,10.0.2.15,115.113.240.203,10.194.0.13,10.0.2.15,10.194.0.13,2,upload
1261,14:50:29.879825,14:50:29.897644,10.0.2.15,115.113.240.203,10.254.239.5,10.0.2.15,10.254.239.5,3,upload
1262,14:50:29.880663,14:50:29.88765,10.0.2.15,115.113.240.203,10.194.0.13,10.0.2.15,10.194.0.13,2,upload
1263,14:50:29.883019,14:50:29.884027,10.0.2.15,115.113.240.203,10.0.2.2,10.0.2.15,10.0.2.2,1,upload
1264,14:50:29.966771,14:50:29.96753,10.0.2.15,115.113.240.203,10.0.2.2,10.0.2.15,10.0.2.2,1,upload
1265,14:50:29.967369,14:50:29.992914,10.0.2.15,115.113.240.203,10.254.239.5,10.0.2.15,10.254.239.5,3,upload
1266,14:50:29.977963,14:50:30.001866,10.0.2.15,115.113.240.203,10.194.0.13,10.0.2.15,10.194.0.13,2,upload
1267,14:50:30.071929,14:50:30.082076,10.0.2.15,115.113.240.203,10.254.239.5,10.0.2.15,10.254.239.5,3,upload
1268,14:50:30.071957,14:50:30.072702,10.0.2.15,115.113.240.203,10.0.2.2,10.0.2.15,10.0.2.2,1,upload
1269,14:50:30.072070,14:50:30.081755,10.0.2.15,115.113.240.203,10.194.0.13,10.0.2.15,10.194.0.13,2,upload
1270,14:50:30.163800,14:50:30.168857,10.0.2.15,115.113.240.203,10.254.239.5,10.0.2.15,10.254.239.5,3,upload
1271,14:50:30.164860,14:50:30.169191,10.0.2.15,115.113.240.203,10.194.0.13,10.0.2.15,10.194.0.13,2,upload
1272,14:50:30.169115,14:50:30.169286,10.0.2.15,115.113.240.203,10.0.2.2,10.0.2.15,10.0.2.2,1,upload
1273,14:50:30.265589,14:50:30.273497,10.0.2.15,115.113.240.203,10.194.0.13,10.0.2.15,10.194.0.13,2,upload
1275,14:50:30.265830,14:50:30.266188,10.0.2.15,115.113.240.203,10.0.2.2,10.0.2.15,10.0.2.2,1,upload
1274,14:50:30.265858,14:50:30.273914,10.0.2.15,115.113.240.203,10.254.239.5,10.0.2.15,10.254.239.5,3,upload
1276,14:50:30.362972,14:50:30.368201,10.0.2.15,115.113.240.203,10.194.0.13,10.0.2.15,10.194.0.13,2,upload
1277,14:50:30.363397,14:50:30.363715,10.0.2.15,115.113.240.203,10.0.2.2,10.0.2.15,10.0.2.2,1,upload
1278,14:50:30.363444,14:50:30.371937,10.0.2.15,115.113.240.203,10.254.239.5,10.0.2.15,10.254.239.5,3,upload
1279,14:50:30.464206,14:50:30.476097,10.0.2.15,115.113.240.203,10.254.239.5,10.0.2.15,10.254.239.5,3,upload
1280,14:50:30.464795,14:50:30.475071,10.0.2.15,115.113.240.203,10.194.0.13,10.0.2.15,10.194.0.13,2,upload
1281,14:50:30.466323,14:50:30.466777,10.0.2.15,115.113.240.203,10.0.2.2,10.0.2.15,10.0.2.2,1,upload
1282,14:50:30.564088,14:50:30.571009,10.0.2.15,115.113.240.203,10.194.0.13,10.0.2.15,10.194.0.13,2,upload
1283,14:50:30.564160,14:50:30.565322,10.0.2.15,115.113.240.203,10.0.2.2,10.0.2.15,10.0.2.2,1,upload
1284,14:50:30.564415,14:50:30.57101,10.0.2.15,115.113.240.203,10.254.239.5,10.0.2.15,10.254.239.5,3,upload
1286,14:50:30.664916,14:50:30.665386,10.0.2.15,115.113.240.203,10.0.2.2,10.0.2.15,10.0.2.2,1,upload
1285,14:50:30.664959,14:50:30.686929,10.0.2.15,115.113.240.203,10.194.0.13,10.0.2.15,10.194.0.13,2,upload
1287,14:50:30.664961,14:50:30.68693,10.0.2.15,115.113.240.203,10.254.239.5,10.0.2.15,10.254.239.5,3,upload
1288,14:50:30.772692,14:50:30.77399,10.0.2.15,115.113.240.203,10.0.2.2,10.0.2.15,10.0.2.2,1,upload
1289,14:50:30.774302,14:50:30.794973,10.0.2.15,115.113.240.203,10.254.239.5,10.0.2.15,10.254.239.5,3,upload
1290,14:50:30.777870,14:50:30.794523,10.0.2.15,115.113.240.203,10.194.0.13,10.0.2.15,10.194.0.13,2,upload
1291,14:50:30.867591,14:50:30.875073,10.0.2.15,115.113.240.203,10.194.0.13,10.0.2.15,10.194.0.13,2,upload
1292,14:50:30.868239,14:50:30.868939,10.0.2.15,115.113.240.203,10.0.2.2,10.0.2.15,10.0.2.2,1,upload
1293,14:50:30.868888,14:50:30.878657,10.0.2.15,115.113.240.203,10.254.239.5,10.0.2.15,10.254.239.5,3,upload
1294,14:50:30.970255,14:50:30.970629,10.0.2.15,115.113.240.203,10.0.2.2,10.0.2.15,10.0.2.2,1,upload
1295,14:50:30.970877,14:50:30.977906,10.0.2.15,115.113.240.203,10.254.239.5,10.0.2.15,10.254.239.5,3,upload
1296,14:50:30.971125,14:50:30.977585,10.0.2.15,115.113.240.203,10.194.0.13,10.0.2.15,10.194.0.13,2,upload
1297,14:50:31.064650,14:50:31.086446,10.0.2.15,115.113.240.203,10.254.239.5,10.0.2.15,10.254.239.5,3,upload
1298,14:50:31.065228,14:50:31.08594,10.0.2.15,115.113.240.203,10.194.0.13,10.0.2.15,10.194.0.13,2,upload
1299,14:50:31.065744,14:50:31.066752,10.0.2.15,115.113.240.203,10.0.2.2,10.0.2.15,10.0.2.2,1,upload
1300,14:50:31.162650,14:50:31.168069,10.0.2.15,115.113.240.203,10.194.0.13,10.0.2.15,10.194.0.13,2,upload
1301,14:50:31.162724,14:50:31.163352,10.0.2.15,115.113.240.203,10.0.2.2,10.0.2.15,10.0.2.2,1,upload
1302,14:50:31.162878,14:50:31.168422,10.0.2.15,115.113.240.203,10.254.239.5,10.0.2.15,10.254.239.5,3,upload
1303,14:50:31.263932,14:50:31.281329,10.0.2.15,115.113.240.203,10.254.239.5,10.0.2.15,10.254.239.5,3,upload
1304,14:50:31.264258,14:50:31.280739,10.0.2.15,115.113.240.203,10.194.0.13,10.0.2.15,10.194.0.13,2,upload
1305,14:50:31.265602,14:50:31.265932,10.0.2.15,115.113.240.203,10.0.2.2,10.0.2.15,10.0.2.2,1,upload
1306,14:50:31.365506,14:50:31.377333,10.0.2.15,115.113.240.203,10.194.0.13,10.0.2.15,10.194.0.13,2,upload
1308,14:50:31.365661,14:50:31.377955,10.0.2.15,115.113.240.203,10.254.239.5,10.0.2.15,10.254.239.5,3,upload
1307,14:50:31.365908,14:50:31.36717,10.0.2.15,115.113.240.203,10.0.2.2,10.0.2.15,10.0.2.2,1,upload
1309,14:50:31.464090,14:50:31.464414,10.0.2.15,115.113.240.203,10.0.2.2,10.0.2.15,10.0.2.2,1,upload
1310,14:50:31.464330,14:50:31.478737,10.0.2.15,115.113.240.203,10.254.239.5,10.0.2.15,10.254.239.5,3,upload
1311,14:50:31.465189,14:50:31.478736,10.0.2.15,115.113.240.203,10.194.0.13,10.0.2.15,10.194.0.13,2,upload
1312,14:50:31.563052,14:50:31.577991,10.0.2.15,115.113.240.203,10.254.239.5,10.0.2.15,10.254.239.5,3,upload
1313,14:50:31.564777,14:50:31.577508,10.0.2.15,115.113.240.203,10.194.0.13,10.0.2.15,10.194.0.13,2,upload
1314,14:50:31.565655,14:50:31.565939,10.0.2.15,115.113.240.203,10.0.2.2,10.0.2.15,10.0.2.2,1,upload
1315,14:50:31.667855,14:50:31.679353,10.0.2.15,115.113.240.203,10.194.0.13,10.0.2.15,10.194.0.13,2,upload
1316,14:50:31.667880,14:50:31.679937,10.0.2.15,115.113.240.203,10.254.239.5,10.0.2.15,10.254.239.5,3,upload
1317,14:50:31.668088,14:50:31.668875,10.0.2.15,115.113.240.203,10.0.2.2,10.0.2.15,10.0.2.2,1,upload
1318,14:50:31.763086,14:50:31.781844,10.0.2.15,115.113.240.203,10.194.0.13,10.0.2.15,10.194.0.13,2,upload
1319,14:50:31.763168,14:50:31.763876,10.0.2.15,115.113.240.203,10.0.2.2,10.0.2.15,10.0.2.2,1,upload
1320,14:50:31.763824,14:50:31.782156,10.0.2.15,115.113.240.203,10.254.239.5,10.0.2.15,10.254.239.5,3,upload
1321,14:50:31.863069,14:50:31.886086,10.0.2.15,115.113.240.203,10.194.0.13,10.0.2.15,10.194.0.13,2,upload
1322,14:50:31.863200,14:50:31.886359,10.0.2.15,115.113.240.203,10.254.239.5,10.0.2.15,10.254.239.5,3,upload
1323,14:50:31.863283,14:50:31.863993,10.0.2.15,115.113.240.203,10.0.2.2,10.0.2.15,10.0.2.2,1,upload
1324,14:50:31.964044,14:50:31.979073,10.0.2.15,115.113.240.203,10.194.0.13,10.0.2.15,10.194.0.13,2,upload
1325,14:50:31.964462,14:50:31.97954,10.0.2.15,115.113.240.203,10.254.239.5,10.0.2.15,10.254.239.5,3,upload
1326,14:50:31.966267,14:50:31.967082,10.0.2.15,115.113.240.203,10.0.2.2,10.0.2.15,10.0.2.2,1,upload
1327,14:50:32.063963,14:50:32.071005,10.0.2.15,115.113.240.203,10.194.0.13,10.0.2.15,10.194.0.13,2,upload
1328,14:50:32.064440,14:50:32.072953,10.0.2.15,115.113.240.203,10.254.239.5,10.0.2.15,10.254.239.5,3,upload
1329,14:50:32.064692,14:50:32.064987,10.0.2.15,115.113.240.203,10.0.2.2,10.0.2.15,10.0.2.2,1,upload
1330,14:50:32.164544,14:50:32.197375,10.0.2.15,115.113.240.203,10.254.239.5,10.0.2.15,10.254.239.5,3,upload
1331,14:50:32.164618,14:50:32.193762,10.0.2.15,115.113.240.203,10.194.0.13,10.0.2.15,10.194.0.13,2,upload
1332,14:50:32.164647,14:50:32.165303,10.0.2.15,115.113.240.203,10.0.2.2,10.0.2.15,10.0.2.2,1,upload
1333,14:50:32.264343,14:50:32.270044,10.0.2.15,115.113.240.203,10.194.0.13,10.0.2.15,10.194.0.13,2,upload
1334,14:50:32.264803,14:50:32.270428,10.0.2.15,115.113.240.203,10.254.239.5,10.0.2.15,10.254.239.5,3,upload
1335,14:50:32.265044,14:50:32.265332,10.0.2.15,115.113.240.203,10.0.2.2,10.0.2.15,10.0.2.2,1,upload
1336,14:50:32.367017,14:50:32.376711,10.0.2.15,115.113.240.203,10.194.0.13,10.0.2.15,10.194.0.13,2,upload
1337,14:50:32.367151,14:50:32.376712,10.0.2.15,115.113.240.203,10.254.239.5,10.0.2.15,10.254.239.5,3,upload
1338,14:50:32.367998,14:50:32.368511,10.0.2.15,115.113.240.203,10.0.2.2,10.0.2.15,10.0.2.2,1,upload
1339,14:50:32.470820,14:50:32.477766,10.0.2.15,115.113.240.203,10.254.239.5,10.0.2.15,10.254.239.5,3,upload
1340,14:50:32.470983,14:50:32.472378,10.0.2.15,115.113.240.203,10.0.2.2,10.0.2.15,10.0.2.2,1,upload
1341,14:50:32.471991,14:50:32.478443,10.0.2.15,115.113.240.203,10.194.0.13,10.0.2.15,10.194.0.13,2,upload
1342,14:50:32.567475,14:50:32.56884,10.0.2.15,115.113.240.203,10.0.2.2,10.0.2.15,10.0.2.2,1,upload
1343,14:50:32.567639,14:50:32.611277,10.0.2.15,115.113.240.203,10.194.0.13,10.0.2.15,10.194.0.13,2,upload
1344,14:50:32.569312,14:50:32.612015,10.0.2.15,115.113.240.203,10.254.239.5,10.0.2.15,10.254.239.5,3,upload
1345,14:50:32.664993,14:50:32.687613,10.0.2.15,115.113.240.203,10.254.239.5,10.0.2.15,10.254.239.5,3,upload
1346,14:50:32.665302,14:50:32.687613,10.0.2.15,115.113.240.203,10.194.0.13,10.0.2.15,10.194.0.13,2,upload
1347,14:50:32.686423,14:50:32.687613,10.0.2.15,115.113.240.203,10.0.2.2,10.0.2.15,10.0.2.2,1,upload
1348,14:50:32.765727,14:50:32.79199,10.0.2.15,115.113.240.203,10.254.239.5,10.0.2.15,10.254.239.5,3,upload
1349,14:50:32.766081,14:50:32.791991,10.0.2.15,115.113.240.203,10.194.0.13,10.0.2.15,10.194.0.13,2,upload
1350,14:50:32.766430,14:50:32.766958,10.0.2.15,115.113.240.203,10.0.2.2,10.0.2.15,10.0.2.2,1,upload
1351,14:50:32.866084,14:50:32.90431,10.0.2.15,115.113.240.203,10.254.239.5,10.0.2.15,10.254.239.5,3,upload
1352,14:50:32.869631,14:50:32.904309,10.0.2.15,115.113.240.203,10.194.0.13,10.0.2.15,10.194.0.13,2,upload
1353,14:50:32.869655,14:50:32.883348,10.0.2.15,115.113.240.203,10.0.2.2,10.0.2.15,10.0.2.2,1,upload
1354,14:50:32.971333,14:50:32.995311,10.0.2.15,115.113.240.203,10.194.0.13,10.0.2.15,10.194.0.13,2,upload
1355,14:50:32.971339,14:50:32.972264,10.0.2.15,115.113.240.203,10.0.2.2,10.0.2.15,10.0.2.2,1,upload
1356,14:50:32.971341,14:50:32.993986,10.0.2.15,115.113.240.203,10.254.239.5,10.0.2.15,10.254.239.5,3,upload
1357,14:50:33.066157,14:50:33.0897,10.0.2.15,115.113.240.203,10.254.239.5,10.0.2.15,10.254.239.5,3,upload
1358,14:50:33.066880,14:50:33.089698,10.0.2.15,115.113.240.203,10.194.0.13,10.0.2.15,10.194.0.13,2,upload
1359,14:50:33.073338,14:50:33.074083,10.0.2.15,115.113.240.203,10.0.2.2,10.0.2.15,10.0.2.2,1,upload
1360,14:50:33.163682,14:50:33.16419,10.0.2.15,115.113.240.203,10.0.2.2,10.0.2.15,10.0.2.2,1,upload
1361,14:50:33.164134,14:50:33.176834,10.0.2.15,115.113.240.203,10.254.239.5,10.0.2.15,10.254.239.5,3,upload
1362,14:50:33.164708,14:50:33.17647,10.0.2.15,115.113.240.203,10.194.0.13,10.0.2.15,10.194.0.13,2,upload
1363,14:50:33.263240,14:50:33.264055,10.0.2.15,115.113.240.203,10.0.2.2,10.0.2.15,10.0.2.2,1,upload
1364,14:50:33.263365,14:50:33.283718,10.0.2.15,115.113.240.203,10.194.0.13,10.0.2.15,10.194.0.13,2,upload
1365,14:50:33.264945,14:50:33.284079,10.0.2.15,115.113.240.203,10.254.239.5,10.0.2.15,10.254.239.5,3,upload
1366,14:50:33.367059,14:50:33.409138,10.0.2.15,115.113.240.203,10.254.239.5,10.0.2.15,10.254.239.5,3,upload
1367,14:50:33.370327,14:50:33.409138,10.0.2.15,115.113.240.203,10.194.0.13,10.0.2.15,10.194.0.13,2,upload
1368,14:50:33.370476,14:50:33.37233,10.0.2.15,115.113.240.203,10.0.2.2,10.0.2.15,10.0.2.2,1,upload
1369,14:50:33.465496,14:50:33.475413,10.0.2.15,115.113.240.203,10.194.0.13,10.0.2.15,10.194.0.13,2,upload
1370,14:50:33.465994,14:50:33.483983,10.0.2.15,115.113.240.203,10.254.239.5,10.0.2.15,10.254.239.5,3,upload
1371,14:50:33.466167,14:50:33.46742,10.0.2.15,115.113.240.203,10.0.2.2,10.0.2.15,10.0.2.2,1,upload
1372,14:50:33.565387,14:50:33.568158,10.0.2.15,115.113.240.203,10.0.2.2,10.0.2.15,10.0.2.2,1,upload
1373,14:50:33.565470,14:50:33.574317,10.0.2.15,115.113.240.203,10.194.0.13,10.0.2.15,10.194.0.13,2,upload
1374,14:50:33.565726,14:50:33.576347,10.0.2.15,115.113.240.203,10.254.239.5,10.0.2.15,10.254.239.5,3,upload
1375,14:50:33.668425,14:50:33.680501,10.0.2.15,115.113.240.203,10.0.2.2,10.0.2.15,10.0.2.2,1,upload
1376,14:50:33.674732,14:50:33.684649,10.0.2.15,115.113.240.203,10.194.0.13,10.0.2.15,10.194.0.13,2,upload
1377,14:50:33.682041,14:50:33.697074,10.0.2.15,115.113.240.203,10.254.239.5,10.0.2.15,10.254.239.5,3,upload
1378,14:50:33.763376,14:50:33.767206,10.0.2.15,115.113.240.203,10.194.0.13,10.0.2.15,10.194.0.13,2,upload
1379,14:50:33.764846,14:50:33.768468,10.0.2.15,115.113.240.203,10.254.239.5,10.0.2.15,10.254.239.5,3,upload
1380,14:50:33.764889,14:50:33.765252,10.0.2.15,115.113.240.203,10.0.2.2,10.0.2.15,10.0.2.2,1,upload
1381,14:50:33.864336,14:50:33.871817,10.0.2.15,115.113.240.203,10.194.0.13,10.0.2.15,10.194.0.13,2,upload
1382,14:50:33.864452,14:50:33.8652,10.0.2.15,115.113.240.203,10.0.2.2,10.0.2.15,10.0.2.2,1,upload
1383,14:50:33.864577,14:50:33.871818,10.0.2.15,115.113.240.203,10.254.239.5,10.0.2.15,10.254.239.5,3,upload
1384,14:50:33.965629,14:50:33.985229,10.0.2.15,115.113.240.203,10.254.239.5,10.0.2.15,10.254.239.5,3,upload
1385,14:50:33.966963,14:50:33.96733,10.0.2.15,115.113.240.203,10.0.2.2,10.0.2.15,10.0.2.2,1,upload
1386,14:50:33.967009,14:50:33.985229,10.0.2.15,115.113.240.203,10.194.0.13,10.0.2.15,10.194.0.13,2,upload
1387,14:50:34.065204,14:50:34.075918,10.0.2.15,115.113.240.203,10.194.0.13,10.0.2.15,10.194.0.13,2,upload
1388,14:50:34.066572,14:50:34.075918,10.0.2.15,115.113.240.203,10.254.239.5,10.0.2.15,10.254.239.5,3,upload
1389,14:50:34.076311,14:50:34.078092,10.0.2.15,115.113.240.203,10.0.2.2,10.0.2.15,10.0.2.2,1,upload
1390,14:50:34.168151,14:50:34.169343,10.0.2.15,115.113.240.203,10.0.2.2,10.0.2.15,10.0.2.2,1,upload
1391,14:50:34.168252,14:50:34.187725,10.0.2.15,115.113.240.203,10.254.239.5,10.0.2.15,10.254.239.5,3,upload
1392,14:50:34.169713,14:50:34.191334,10.0.2.15,115.113.240.203,10.194.0.13,10.0.2.15,10.194.0.13,2,upload
1393,14:50:34.264728,14:50:34.270332,10.0.2.15,115.113.240.203,10.254.239.5,10.0.2.15,10.254.239.5,3,upload
1394,14:50:34.265127,14:50:34.26558,10.0.2.15,115.113.240.203,10.0.2.2,10.0.2.15,10.0.2.2,1,upload
1395,14:50:34.265452,14:50:34.271834,10.0.2.15,115.113.240.203,10.194.0.13,10.0.2.15,10.194.0.13,2,upload
1396,14:50:34.362945,14:50:34.382737,10.0.2.15,115.113.240.203,10.194.0.13,10.0.2.15,10.194.0.13,2,upload
1397,14:50:34.363626,14:50:34.383071,10.0.2.15,115.113.240.203,10.254.239.5,10.0.2.15,10.254.239.5,3,upload
1398,14:50:34.365400,14:50:34.365617,10.0.2.15,115.113.240.203,10.0.2.2,10.0.2.15,10.0.2.2,1,upload
1399,14:50:34.466940,14:50:34.47748,10.0.2.15,115.113.240.203,10.194.0.13,10.0.2.15,10.194.0.13,2,upload
1400,14:50:34.467009,14:50:34.467685,10.0.2.15,115.113.240.203,10.0.2.2,10.0.2.15,10.0.2.2,1,upload
1401,14:50:34.467384,14:50:34.478236,10.0.2.15,115.113.240.203,10.254.239.5,10.0.2.15,10.254.239.5,3,upload
1402,14:50:34.568371,14:50:34.569949,10.0.2.15,115.113.240.203,10.0.2.2,10.0.2.15,10.0.2.2,1,upload
1403,14:50:34.569525,14:50:34.577358,10.0.2.15,115.113.240.203,10.194.0.13,10.0.2.15,10.194.0.13,2,upload
1404,14:50:34.569723,14:50:34.577358,10.0.2.15,115.113.240.203,10.254.239.5,10.0.2.15,10.254.239.5,3,upload
1405,14:50:34.670834,14:50:34.679522,10.0.2.15,115.113.240.203,10.254.239.5,10.0.2.15,10.254.239.5,3,upload
1407,14:50:34.671452,14:50:34.67316,10.0.2.15,115.113.240.203,10.0.2.2,10.0.2.15,10.0.2.2,1,upload
1406,14:50:34.671533,14:50:34.705903,10.0.2.15,115.113.240.203,10.194.0.13,10.0.2.15,10.194.0.13,2,upload
1408,14:50:34.768570,14:50:34.769482,10.0.2.15,115.113.240.203,10.0.2.2,10.0.2.15,10.0.2.2,1,upload
1410,14:50:34.768735,14:50:34.776233,10.0.2.15,115.113.240.203,10.194.0.13,10.0.2.15,10.194.0.13,2,upload
1409,14:50:34.768795,14:50:34.777054,10.0.2.15,115.113.240.203,10.254.239.5,10.0.2.15,10.254.239.5,3,upload
1411,14:50:34.862707,14:50:34.894969,10.0.2.15,115.113.240.203,10.254.239.5,10.0.2.15,10.254.239.5,3,upload
1412,14:50:34.864092,14:50:34.864499,10.0.2.15,115.113.240.203,10.0.2.2,10.0.2.15,10.0.2.2,1,upload
1413,14:50:34.864651,14:50:34.894969,10.0.2.15,115.113.240.203,10.194.0.13,10.0.2.15,10.194.0.13,2,upload
1414,14:50:34.963594,14:50:34.977719,10.0.2.15,115.113.240.203,10.254.239.5,10.0.2.15,10.254.239.5,3,upload
1415,14:50:34.963962,14:50:34.996995,10.0.2.15,115.113.240.203,10.194.0.13,10.0.2.15,10.194.0.13,2,upload
1416,14:50:34.964807,14:50:34.965096,10.0.2.15,115.113.240.203,10.0.2.2,10.0.2.15,10.0.2.2,1,upload
1417,14:50:35.064579,14:50:35.086427,10.0.2.15,115.113.240.203,10.194.0.13,10.0.2.15,10.194.0.13,2,upload
1418,14:50:35.064785,14:50:35.06539,10.0.2.15,115.113.240.203,10.0.2.2,10.0.2.15,10.0.2.2,1,upload
1419,14:50:35.064963,14:50:35.086428,10.0.2.15,115.113.240.203,10.254.239.5,10.0.2.15,10.254.239.5,3,upload
1420,14:50:35.167228,14:50:35.167819,10.0.2.15,115.113.240.203,10.0.2.2,10.0.2.15,10.0.2.2,1,upload
1421,14:50:35.167346,14:50:35.174714,10.0.2.15,115.113.240.203,10.254.239.5,10.0.2.15,10.254.239.5,3,upload
1422,14:50:35.173699,14:50:35.192127,10.0.2.15,115.113.240.203,10.194.0.13,10.0.2.15,10.194.0.13,2,upload
1423,14:50:35.263943,14:50:35.26856,10.0.2.15,115.113.240.203,10.0.2.2,10.0.2.15,10.0.2.2,1,upload
1424,14:50:35.264127,14:50:35.271601,10.0.2.15,115.113.240.203,10.194.0.13,10.0.2.15,10.194.0.13,2,upload
1425,14:50:35.271321,14:50:35.303077,10.0.2.15,115.113.240.203,10.254.239.5,10.0.2.15,10.254.239.5,3,upload
1426,14:50:35.365538,14:50:35.385832,10.0.2.15,115.113.240.203,10.254.239.5,10.0.2.15,10.254.239.5,3,upload
1427,14:50:35.366991,14:50:35.367893,10.0.2.15,115.113.240.203,10.0.2.2,10.0.2.15,10.0.2.2,1,upload
1428,14:50:35.369736,14:50:35.385541,10.0.2.15,115.113.240.203,10.194.0.13,10.0.2.15,10.194.0.13,2,upload
1429,14:50:35.463454,14:50:35.485115,10.0.2.15,115.113.240.203,10.254.239.5,10.0.2.15,10.254.239.5,3,upload
1430,14:50:35.463492,14:50:35.484862,10.0.2.15,115.113.240.203,10.194.0.13,10.0.2.15,10.194.0.13,2,upload
1431,14:50:35.463908,14:50:35.464274,10.0.2.15,115.113.240.203,10.0.2.2,10.0.2.15,10.0.2.2,1,upload
1432,14:50:35.564239,14:50:35.564532,10.0.2.15,115.113.240.203,10.0.2.2,10.0.2.15,10.0.2.2,1,upload
1433,14:50:35.564278,14:50:35.579155,10.0.2.15,115.113.240.203,10.194.0.13,10.0.2.15,10.194.0.13,2,upload
1434,14:50:35.565388,14:50:35.579389,10.0.2.15,115.113.240.203,10.254.239.5,10.0.2.15,10.254.239.5,3,upload
1435,14:50:35.668368,14:50:35.669563,10.0.2.15,115.113.240.203,10.0.2.2,10.0.2.15,10.0.2.2,1,upload
1436,14:50:35.671036,14:50:35.681999,10.0.2.15,115.113.240.203,10.194.0.13,10.0.2.15,10.194.0.13,2,upload
1437,14:50:35.671104,14:50:35.682785,10.0.2.15,115.113.240.203,10.254.239.5,10.0.2.15,10.254.239.5,3,upload
1438,14:50:35.765764,14:50:35.778401,10.0.2.15,115.113.240.203,10.254.239.5,10.0.2.15,10.254.239.5,3,upload
1439,14:50:35.766909,14:50:35.767154,10.0.2.15,115.113.240.203,10.0.2.2,10.0.2.15,10.0.2.2,1,upload
1440,14:50:35.768966,14:50:35.777708,10.0.2.15,115.113.240.203,10.194.0.13,10.0.2.15,10.194.0.13,2,upload
1441,14:50:35.866983,14:50:35.877063,10.0.2.15,115.113.240.203,10.254.239.5,10.0.2.15,10.254.239.5,3,upload
1442,14:50:35.868001,14:50:35.869248,10.0.2.15,115.113.240.203,10.0.2.2,10.0.2.15,10.0.2.2,1,upload
1443,14:50:35.868324,14:50:35.876201,10.0.2.15,115.113.240.203,10.194.0.13,10.0.2.15,10.194.0.13,2,upload
1444,14:50:35.965480,14:50:35.975971,10.0.2.15,115.113.240.203,10.194.0.13,10.0.2.15,10.194.0.13,2,upload
1445,14:50:35.965566,14:50:35.978032,10.0.2.15,115.113.240.203,10.254.239.5,10.0.2.15,10.254.239.5,3,upload
1446,14:50:35.966756,14:50:35.967174,10.0.2.15,115.113.240.203,10.0.2.2,10.0.2.15,10.0.2.2,1,upload
1447,14:50:36.064297,14:50:36.086123,10.0.2.15,115.113.240.203,10.254.239.5,10.0.2.15,10.254.239.5,3,upload
1448,14:50:36.064667,14:50:36.064876,10.0.2.15,115.113.240.203,10.0.2.2,10.0.2.15,10.0.2.2,1,upload
1449,14:50:36.064733,14:50:36.08568,10.0.2.15,115.113.240.203,10.194.0.13,10.0.2.15,10.194.0.13,2,upload
1450,14:50:36.166680,14:50:36.174029,10.0.2.15,115.113.240.203,10.254.239.5,10.0.2.15,10.254.239.5,3,upload
1451,14:50:36.166867,14:50:36.171777,10.0.2.15,115.113.240.203,10.194.0.13,10.0.2.15,10.194.0.13,2,upload
1452,14:50:36.167780,14:50:36.16906,10.0.2.15,115.113.240.203,10.0.2.2,10.0.2.15,10.0.2.2,1,upload
1453,14:50:36.263058,14:50:36.26436,10.0.2.15,115.113.240.203,10.0.2.2,10.0.2.15,10.0.2.2,1,upload
1454,14:50:36.263164,14:50:36.268016,10.0.2.15,115.113.240.203,10.194.0.13,10.0.2.15,10.194.0.13,2,upload
1455,14:50:36.264092,14:50:36.288451,10.0.2.15,115.113.240.203,10.254.239.5,10.0.2.15,10.254.239.5,3,upload
1457,14:50:36.363645,14:50:36.364107,10.0.2.15,115.113.240.203,10.0.2.2,10.0.2.15,10.0.2.2,1,upload
1458,14:50:36.363690,14:50:36.372519,10.0.2.15,115.113.240.203,10.194.0.13,10.0.2.15,10.194.0.13,2,upload
1456,14:50:36.363692,14:50:36.373401,10.0.2.15,115.113.240.203,10.254.239.5,10.0.2.15,10.254.239.5,3,upload
1460,14:50:36.463888,14:50:36.464228,10.0.2.15,115.113.240.203,10.0.2.2,10.0.2.15,10.0.2.2,1,upload
1459,14:50:36.463922,14:50:36.470106,10.0.2.15,115.113.240.203,10.194.0.13,10.0.2.15,10.194.0.13,2,upload
1461,14:50:36.464086,14:50:36.473105,10.0.2.15,115.113.240.203,10.254.239.5,10.0.2.15,10.254.239.5,3,upload
1462,14:50:36.567929,14:50:36.568922,10.0.2.15,115.113.240.203,10.0.2.2,10.0.2.15,10.0.2.2,1,upload
1463,14:50:36.569817,14:50:36.598272,10.0.2.15,115.113.240.203,10.194.0.13,10.0.2.15,10.194.0.13,2,upload
1464,14:50:36.572955,14:50:36.598272,10.0.2.15,115.113.240.203,10.254.239.5,10.0.2.15,10.254.239.5,3,upload
1465,14:50:36.663196,14:50:36.66947,10.0.2.15,115.113.240.203,10.254.239.5,10.0.2.15,10.254.239.5,3,upload
1466,14:50:36.663510,14:50:36.669838,10.0.2.15,115.113.240.203,10.194.0.13,10.0.2.15,10.194.0.13,2,upload
1467,14:50:36.663902,14:50:36.664111,10.0.2.15,115.113.240.203,10.0.2.2,10.0.2.15,10.0.2.2,1,upload
1468,14:50:36.765488,14:50:36.772929,10.0.2.15,115.113.240.203,10.194.0.13,10.0.2.15,10.194.0.13,2,upload
1469,14:50:36.766138,14:50:36.779219,10.0.2.15,115.113.240.203,10.254.239.5,10.0.2.15,10.254.239.5,3,upload
1470,14:50:36.766183,14:50:36.766924,10.0.2.15,115.113.240.203,10.0.2.2,10.0.2.15,10.0.2.2,1,upload
1471,14:50:36.863136,14:50:36.872626,10.0.2.15,115.113.240.203,10.254.239.5,10.0.2.15,10.254.239.5,3,upload
1472,14:50:36.865054,14:50:36.877035,10.0.2.15,115.113.240.203,10.194.0.13,10.0.2.15,10.194.0.13,2,upload
1473,14:50:36.865764,14:50:36.867075,10.0.2.15,115.113.240.203,10.0.2.2,10.0.2.15,10.0.2.2,1,upload
1474,14:50:36.963026,14:50:36.963361,10.0.2.15,115.113.240.203,10.0.2.2,10.0.2.15,10.0.2.2,1,upload
1475,14:50:36.963063,14:50:36.999032,10.0.2.15,115.113.240.203,10.254.239.5,10.0.2.15,10.254.239.5,3,upload
1476,14:50:36.963065,14:50:36.998507,10.0.2.15,115.113.240.203,10.194.0.13,10.0.2.15,10.194.0.13,2,upload
1477,14:50:37.066033,14:50:37.074643,10.0.2.15,115.113.240.203,10.254.239.5,10.0.2.15,10.254.239.5,3,upload
1478,14:50:37.066165,14:50:37.067449,10.0.2.15,115.113.240.203,10.0.2.2,10.0.2.15,10.0.2.2,1,upload
1479,14:50:37.067833,14:50:37.074644,10.0.2.15,115.113.240.203,10.194.0.13,10.0.2.15,10.194.0.13,2,upload
1480,14:50:37.164523,14:50:37.165272,10.0.2.15,115.113.240.203,10.0.2.2,10.0.2.15,10.0.2.2,1,upload
1481,14:50:37.164787,14:50:37.175722,10.0.2.15,115.113.240.203,10.254.239.5,10.0.2.15,10.254.239.5,3,upload
1482,14:50:37.165111,14:50:37.173736,10.0.2.15,115.113.240.203,10.194.0.13,10.0.2.15,10.194.0.13,2,upload
1485,14:50:37.264468,14:50:37.268882,10.0.2.15,115.113.240.203,10.194.0.13,10.0.2.15,10.194.0.13,2,upload
1484,14:50:37.264527,14:50:37.265366,10.0.2.15,115.113.240.203,10.0.2.2,10.0.2.15,10.0.2.2,1,upload
1483,14:50:37.264529,14:50:37.273833,10.0.2.15,115.113.240.203,10.254.239.5,10.0.2.15,10.254.239.5,3,upload
1486,14:50:37.362952,14:50:37.371392,10.0.2.15,115.113.240.203,10.254.239.5,10.0.2.15,10.254.239.5,3,upload
1487,14:50:37.362996,14:50:37.371855,10.0.2.15,115.113.240.203,10.194.0.13,10.0.2.15,10.194.0.13,2,upload
1488,14:50:37.363200,14:50:37.364038,10.0.2.15,115.113.240.203,10.0.2.2,10.0.2.15,10.0.2.2,1,upload
1489,14:50:37.464418,14:50:37.472723,10.0.2.15,115.113.240.203,10.254.239.5,10.0.2.15,10.254.239.5,3,upload
1490,14:50:37.464748,14:50:37.472723,10.0.2.15,115.113.240.203,10.194.0.13,10.0.2.15,10.194.0.13,2,upload
1491,14:50:37.465266,14:50:37.465913,10.0.2.15,115.113.240.203,10.0.2.2,10.0.2.15,10.0.2.2,1,upload
1492,14:50:37.565514,14:50:37.579381,10.0.2.15,115.113.240.203,10.254.239.5,10.0.2.15,10.254.239.5,3,upload
1493,14:50:37.566050,14:50:37.576332,10.0.2.15,115.113.240.203,10.194.0.13,10.0.2.15,10.194.0.13,2,upload
1494,14:50:37.569089,14:50:37.570455,10.0.2.15,115.113.240.203,10.0.2.2,10.0.2.15,10.0.2.2,1,upload
1496,14:50:37.665033,14:50:37.672379,10.0.2.15,115.113.240.203,10.254.239.5,10.0.2.15,10.254.239.5,3,upload
1497,14:50:37.665113,14:50:37.665499,10.0.2.15,115.113.240.203,10.0.2.2,10.0.2.15,10.0.2.2,1,upload
1498,14:50:37.766241,14:50:37.766551,10.0.2.15,115.113.240.203,10.0.2.2,10.0.2.15,10.0.2.2,1,upload
1499,14:50:37.766275,14:50:37.771537,10.0.2.15,115.113.240.203,10.254.239.5,10.0.2.15,10.254.239.5,3,upload
1500,14:50:37.766670,14:50:37.771185,10.0.2.15,115.113.240.203,10.194.0.13,10.0.2.15,10.194.0.13,2,upload
1501,14:50:37.862832,14:50:37.863297,10.0.2.15,115.113.240.203,10.0.2.2,10.0.2.15,10.0.2.2,1,upload
1502,14:50:37.863399,14:50:37.875045,10.0.2.15,115.113.240.203,10.254.239.5,10.0.2.15,10.254.239.5,3,upload
1503,14:50:37.863851,14:50:37.875044,10.0.2.15,115.113.240.203,10.194.0.13,10.0.2.15,10.194.0.13,2,upload
1505,14:50:37.962929,14:50:37.963309,10.0.2.15,115.113.240.203,10.0.2.2,10.0.2.15,10.0.2.2,1,upload
1504,14:50:37.962955,14:50:37.968658,10.0.2.15,115.113.240.203,10.194.0.13,10.0.2.15,10.194.0.13,2,upload
1506,14:50:37.967761,14:50:37.982847,10.0.2.15,115.113.240.203,10.254.239.5,10.0.2.15,10.254.239.5,3,upload
1507,14:50:38.068181,14:50:38.069142,10.0.2.15,115.113.240.203,10.0.2.2,10.0.2.15,10.0.2.2,1,upload
1508,14:50:38.069925,14:50:38.090492,10.0.2.15,115.113.240.203,10.254.239.5,10.0.2.15,10.254.239.5,3,upload
1509,14:50:38.077167,14:50:38.090049,10.0.2.15,115.113.240.203,10.194.0.13,10.0.2.15,10.194.0.13,2,upload
1511,14:50:38.167339,14:50:38.178388,10.0.2.15,115.113.240.203,10.254.239.5,10.0.2.15,10.254.239.5,3,upload
1510,14:50:38.167442,14:50:38.167957,10.0.2.15,115.113.240.203,10.0.2.2,10.0.2.15,10.0.2.2,1,upload
1512,14:50:38.167697,14:50:38.178225,10.0.2.15,115.113.240.203,10.194.0.13,10.0.2.15,10.194.0.13,2,upload
1513,14:50:38.266203,14:50:38.285951,10.0.2.15,115.113.240.203,10.254.239.5,10.0.2.15,10.254.239.5,3,upload
1514,14:50:38.266351,14:50:38.28595,10.0.2.15,115.113.240.203,10.194.0.13,10.0.2.15,10.194.0.13,2,upload
1515,14:50:38.267251,14:50:38.27483,10.0.2.15,115.113.240.203,10.0.2.2,10.0.2.15,10.0.2.2,1,upload
1517,14:50:38.363030,14:50:38.36336,10.0.2.15,115.113.240.203,10.0.2.2,10.0.2.15,10.0.2.2,1,upload
1518,14:50:38.363060,14:50:38.371161,10.0.2.15,115.113.240.203,10.254.239.5,10.0.2.15,10.254.239.5,3,upload
1516,14:50:38.363062,14:50:38.371161,10.0.2.15,115.113.240.203,10.194.0.13,10.0.2.15,10.194.0.13,2,upload
1519,14:50:38.468053,14:50:38.477488,10.0.2.15,115.113.240.203,10.254.239.5,10.0.2.15,10.254.239.5,3,upload
1520,14:50:38.469663,14:50:38.476607,10.0.2.15,115.113.240.203,10.194.0.13,10.0.2.15,10.194.0.13,2,upload
1521,14:50:38.470223,14:50:38.470877,10.0.2.15,115.113.240.203,10.0.2.2,10.0.2.15,10.0.2.2,1,upload
1522,14:50:38.563493,14:50:38.569281,10.0.2.15,115.113.240.203,10.194.0.13,10.0.2.15,10.194.0.13,2,upload
1523,14:50:38.563649,14:50:38.567923,10.0.2.15,115.113.240.203,10.0.2.2,10.0.2.15,10.0.2.2,1,upload
1524,14:50:38.563836,14:50:38.570129,10.0.2.15,115.113.240.203,10.254.239.5,10.0.2.15,10.254.239.5,3,upload
1525,14:50:38.664860,14:50:38.665478,10.0.2.15,115.113.240.203,10.0.2.2,10.0.2.15,10.0.2.2,1,upload
1526,14:50:38.665618,14:50:38.679368,10.0.2.15,115.113.240.203,10.194.0.13,10.0.2.15,10.194.0.13,2,upload
1527,14:50:38.666927,14:50:38.680053,10.0.2.15,115.113.240.203,10.254.239.5,10.0.2.15,10.254.239.5,3,upload
1528,14:50:38.768231,14:50:38.777101,10.0.2.15,115.113.240.203,10.194.0.13,10.0.2.15,10.194.0.13,2,upload
1529,14:50:38.770228,14:50:38.770898,10.0.2.15,115.113.240.203,10.0.2.2,10.0.2.15,10.0.2.2,1,upload
1530,14:50:38.770305,14:50:38.777608,10.0.2.15,115.113.240.203,10.254.239.5,10.0.2.15,10.254.239.5,3,upload
1531,14:50:38.864224,14:50:38.87845,10.0.2.15,115.113.240.203,10.254.239.5,10.0.2.15,10.254.239.5,3,upload
1532,14:50:38.864536,14:50:38.878007,10.0.2.15,115.113.240.203,10.194.0.13,10.0.2.15,10.194.0.13,2,upload
1533,14:50:38.865616,14:50:38.865881,10.0.2.15,115.113.240.203,10.0.2.2,10.0.2.15,10.0.2.2,1,upload
1534,14:50:38.965694,14:50:38.966578,10.0.2.15,115.113.240.203,10.0.2.2,10.0.2.15,10.0.2.2,1,upload
1535,14:50:38.966178,14:50:38.979401,10.0.2.15,115.113.240.203,10.194.0.13,10.0.2.15,10.194.0.13,2,upload
1536,14:50:38.967489,14:50:38.980098,10.0.2.15,115.113.240.203,10.254.239.5,10.0.2.15,10.254.239.5,3,upload
1537,14:50:39.062871,14:50:39.066754,10.0.2.15,115.113.240.203,10.254.239.5,10.0.2.15,10.254.239.5,3,upload
1538,14:50:39.063066,14:50:39.065659,10.0.2.15,115.113.240.203,10.194.0.13,10.0.2.15,10.194.0.13,2,upload
1539,14:50:39.063254,14:50:39.064036,10.0.2.15,115.113.240.203,10.0.2.2,10.0.2.15,10.0.2.2,1,upload
1540,14:50:39.163243,14:50:39.182456,10.0.2.15,115.113.240.203,10.254.239.5,10.0.2.15,10.254.239.5,3,upload
1541,14:50:39.163284,14:50:39.163929,10.0.2.15,115.113.240.203,10.0.2.2,10.0.2.15,10.0.2.2,1,upload
1542,14:50:39.164204,14:50:39.182022,10.0.2.15,115.113.240.203,10.194.0.13,10.0.2.15,10.194.0.13,2,upload
1543,14:50:39.263689,14:50:39.264066,10.0.2.15,115.113.240.203,10.0.2.2,10.0.2.15,10.0.2.2,1,upload
1544,14:50:39.263763,14:50:39.278574,10.0.2.15,115.113.240.203,10.254.239.5,10.0.2.15,10.254.239.5,3,upload
1545,14:50:39.264282,14:50:39.279449,10.0.2.15,115.113.240.203,10.194.0.13,10.0.2.15,10.194.0.13,2,upload
1546,14:50:39.365580,14:50:39.366536,10.0.2.15,115.113.240.203,10.0.2.2,10.0.2.15,10.0.2.2,1,upload
1548,14:50:39.366284,14:50:39.39072,10.0.2.15,115.113.240.203,10.194.0.13,10.0.2.15,10.194.0.13,2,upload
1547,14:50:39.366343,14:50:39.390721,10.0.2.15,115.113.240.203,10.254.239.5,10.0.2.15,10.254.239.5,3,upload
1549,14:50:39.468251,14:50:39.497776,10.0.2.15,115.113.240.203,10.254.239.5,10.0.2.15,10.254.239.5,3,upload
1550,14:50:39.468970,14:50:39.497776,10.0.2.15,115.113.240.203,10.194.0.13,10.0.2.15,10.194.0.13,2,upload
1551,14:50:39.500470,14:50:39.5008,10.0.2.15,115.113.240.203,10.0.2.2,10.0.2.15,10.0.2.2,1,upload
1552,14:50:39.563758,14:50:39.566898,10.0.2.15,115.113.240.203,10.194.0.13,10.0.2.15,10.194.0.13,2,upload
1553,14:50:39.564201,14:50:39.569826,10.0.2.15,115.113.240.203,10.254.239.5,10.0.2.15,10.254.239.5,3,upload
1554,14:50:39.564930,14:50:39.565272,10.0.2.15,115.113.240.203,10.0.2.2,10.0.2.15,10.0.2.2,1,upload
1555,14:50:39.663145,14:50:39.672295,10.0.2.15,115.113.240.203,10.194.0.13,10.0.2.15,10.194.0.13,2,idle
1556,14:50:39.663183,14:50:39.67538,10.0.2.15,115.113.240.203,10.254.239.5,10.0.2.15,10.254.239.5,3,idle
1557,14:50:39.663698,14:50:39.663898,10.0.2.15,115.113.240.203,10.0.2.2,10.0.2.15,10.0.2.2,1,idle
1558,14:50:39.763409,14:50:39.769417,10.0.2.15,115.113.240.203,10.254.239.5,10.0.2.15,10.254.239.5,3,idle
1559,14:50:39.763907,14:50:39.769416,10.0.2.15,115.113.240.203,10.194.0.13,10.0.2.15,10.194.0.13,2,idle
1560,14:50:39.765115,14:50:39.766824,10.0.2.15,115.113.240.203,10.0.2.2,10.0.2.15,10.0.2.2,1,idle
1563,14:50:39.863352,14:50:39.86742,10.0.2.15,115.113.240.203,10.254.239.5,10.0.2.15,10.254.239.5,3,idle
1561,14:50:39.863391,14:50:39.864049,10.0.2.15,115.113.240.203,10.0.2.2,10.0.2.15,10.0.2.2,1,idle
1562,14:50:39.863392,14:50:39.866761,10.0.2.15,115.113.240.203,10.194.0.13,10.0.2.15,10.194.0.13,2,idle
1564,14:50:39.966713,14:50:40.024313,10.0.2.15,115.113.240.203,10.254.239.5,10.0.2.15,10.254.239.5,3,idle
1565,14:50:39.967274,14:50:40.023145,10.0.2.15,115.113.240.203,10.194.0.13,10.0.2.15,10.194.0.13,2,idle
1566,14:50:39.967312,14:50:39.968252,10.0.2.15,115.113.240.203,10.0.2.2,10.0.2.15,10.0.2.2,1,idle
1567,14:50:40.064838,14:50:40.066004,10.0.2.15,115.113.240.203,10.0.2.2,10.0.2.15,10.0.2.2,1,idle
1568,14:50:40.065469,14:50:40.07003,10.0.2.15,115.113.240.203,10.254.239.5,10.0.2.15,10.254.239.5,3,idle
1569,14:50:40.065963,14:50:40.070928,10.0.2.15,115.113.240.203,10.194.0.13,10.0.2.15,10.194.0.13,2,idle
1570,14:50:40.165645,14:50:40.166548,10.0.2.15,115.113.240.203,10.0.2.2,10.0.2.15,10.0.2.2,1,idle
1571,14:50:40.165720,14:50:40.169746,10.0.2.15,115.113.240.203,10.254.239.5,10.0.2.15,10.254.239.5,3,idle
1572,14:50:40.166057,14:50:40.16868,10.0.2.15,115.113.240.203,10.194.0.13,10.0.2.15,10.194.0.13,2,idle
1573,14:50:40.263547,14:50:40.268112,10.0.2.15,115.113.240.203,10.254.239.5,10.0.2.15,10.254.239.5,3,idle
1575,14:50:40.263908,14:50:40.264683,10.0.2.15,115.113.240.203,10.0.2.2,10.0.2.15,10.0.2.2,1,idle
1574,14:50:40.263972,14:50:40.267483,10.0.2.15,115.113.240.203,10.194.0.13,10.0.2.15,10.194.0.13,2,idle
1576,14:50:40.364293,14:50:40.365072,10.0.2.15,115.113.240.203,10.0.2.2,10.0.2.15,10.0.2.2,1,idle
1577,14:50:40.364937,14:50:40.367466,10.0.2.15,115.113.240.203,10.194.0.13,10.0.2.15,10.194.0.13,2,idle
1578,14:50:40.366015,14:50:40.369082,10.0.2.15,115.113.240.203,10.254.239.5,10.0.2.15,10.254.239.5,3,idle
1579,14:50:40.466492,14:50:40.469803,10.0.2.15,115.113.240.203,10.254.239.5,10.0.2.15,10.254.239.5,3,idle
1581,14:50:40.466571,14:50:40.471102,10.0.2.15,115.113.240.203,10.194.0.13,10.0.2.15,10.194.0.13,2,idle
1580,14:50:40.466574,14:50:40.467932,10.0.2.15,115.113.240.203,10.0.2.2,10.0.2.15,10.0.2.2,1,idle
1582,14:50:40.564762,14:50:40.578388,10.0.2.15,115.113.240.203,10.194.0.13,10.0.2.15,10.194.0.13,2,idle
1583,14:50:40.564816,14:50:40.565653,10.0.2.15,115.113.240.203,10.0.2.2,10.0.2.15,10.0.2.2,1,idle
1584,14:50:40.566670,14:50:40.578804,10.0.2.15,115.113.240.203,10.254.239.5,10.0.2.15,10.254.239.5,3,idle
1585,14:50:40.663001,14:50:40.666553,10.0.2.15,115.113.240.203,10.254.239.5,10.0.2.15,10.254.239.5,3,idle
1587,14:50:40.663041,14:50:40.663648,10.0.2.15,115.113.240.203,10.0.2.2,10.0.2.15,10.0.2.2,1,idle
1586,14:50:40.663042,14:50:40.667262,10.0.2.15,115.113.240.203,10.194.0.13,10.0.2.15,10.194.0.13,2,idle
1588,14:50:40.764745,14:50:40.769004,10.0.2.15,115.113.240.203,10.194.0.13,10.0.2.15,10.194.0.13,2,idle
1589,14:50:40.767430,14:50:40.768128,10.0.2.15,115.113.240.203,10.0.2.2,10.0.2.15,10.0.2.2,1,idle
1590,14:50:40.767789,14:50:40.77033,10.0.2.15,115.113.240.203,10.254.239.5,10.0.2.15,10.254.239.5,3,idle
1591,14:50:40.866948,14:50:40.871512,10.0.2.15,115.113.240.203,10.254.239.5,10.0.2.15,10.254.239.5,3,idle
1593,14:50:40.867109,14:50:40.870628,10.0.2.15,115.113.240.203,10.194.0.13,10.0.2.15,10.194.0.13,2,idle
1592,14:50:40.867374,14:50:40.868282,10.0.2.15,115.113.240.203,10.0.2.2,10.0.2.15,10.0.2.2,1,idle
1594,14:50:40.966614,14:50:40.976629,10.0.2.15,115.113.240.203,10.254.239.5,10.0.2.15,10.254.239.5,3,idle
1595,14:50:40.966742,14:50:40.974697,10.0.2.15,115.113.240.203,10.194.0.13,10.0.2.15,10.194.0.13,2,idle
1596,14:50:40.968143,14:50:40.968736,10.0.2.15,115.113.240.203,10.0.2.2,10.0.2.15,10.0.2.2,1,idle
1597,14:50:41.070536,14:50:41.071578,10.0.2.15,115.113.240.203,10.0.2.2,10.0.2.15,10.0.2.2,1,idle
1598,14:50:41.070645,14:50:41.076285,10.0.2.15,115.113.240.203,10.254.239.5,10.0.2.15,10.254.239.5,3,idle
1599,14:50:41.071082,14:50:41.075805,10.0.2.15,115.113.240.203,10.194.0.13,10.0.2.15,10.194.0.13,2,idle
1600,14:50:41.164515,14:50:41.1676,10.0.2.15,115.113.240.203,10.194.0.13,10.0.2.15,10.194.0.13,2,idle
1601,14:50:41.164578,14:50:41.184602,10.0.2.15,115.113.240.203,10.254.239.5,10.0.2.15,10.254.239.5,3,idle
1602,14:50:41.164934,14:50:41.165244,10.0.2.15,115.113.240.203,10.0.2.2,10.0.2.15,10.0.2.2,1,idle
1603,14:50:41.264757,14:50:41.268754,10.0.2.15,115.113.240.203,10.194.0.13,10.0.2.15,10.194.0.13,2,idle
1604,14:50:41.266136,14:50:41.271416,10.0.2.15,115.113.240.203,10.254.239.5,10.0.2.15,10.254.239.5,3,idle
1605,14:50:41.266414,14:50:41.267003,10.0.2.15,115.113.240.203,10.0.2.2,10.0.2.15,10.0.2.2,1,idle
1606,14:50:41.363989,14:50:41.366976,10.0.2.15,115.113.240.203,10.194.0.13,10.0.2.15,10.194.0.13,2,idle
1607,14:50:41.364117,14:50:41.365449,10.0.2.15,115.113.240.203,10.0.2.2,10.0.2.15,10.0.2.2,1,idle
1608,14:50:41.364525,14:50:41.36729,10.0.2.15,115.113.240.203,10.254.239.5,10.0.2.15,10.254.239.5,3,idle
1609,14:50:41.464141,14:50:41.466488,10.0.2.15,115.113.240.203,10.254.239.5,10.0.2.15,10.254.239.5,3,idle
1610,14:50:41.464181,14:50:41.467715,10.0.2.15,115.113.240.203,10.194.0.13,10.0.2.15,10.194.0.13,2,idle
1611,14:50:41.464252,14:50:41.465216,10.0.2.15,115.113.240.203,10.0.2.2,10.0.2.15,10.0.2.2,1,idle
1612,14:50:41.569764,14:50:41.570421,10.0.2.15,115.113.240.203,10.0.2.2,10.0.2.15,10.0.2.2,1,idle
1613,14:50:41.569810,14:50:41.575328,10.0.2.15,115.113.240.203,10.194.0.13,10.0.2.15,10.194.0.13,2,idle
1614,14:50:41.569871,14:50:41.574148,10.0.2.15,115.113.240.203,10.254.239.5,10.0.2.15,10.254.239.5,3,idle
1615,14:50:41.666377,14:50:41.667095,10.0.2.15,115.113.240.203,10.0.2.2,10.0.2.15,10.0.2.2,1,idle
1618,14:50:41.764092,14:50:41.770767,10.0.2.15,115.113.240.203,10.254.239.5,10.0.2.15,10.254.239.5,3,idle
1619,14:50:41.764179,14:50:41.765851,10.0.2.15,115.113.240.203,10.0.2.2,10.0.2.15,10.0.2.2,1,idle
1620,14:50:41.764671,14:50:41.771477,10.0.2.15,115.113.240.203,10.194.0.13,10.0.2.15,10.194.0.13,2,idle
1621,14:50:41.864186,14:50:41.865326,10.0.2.15,115.113.240.203,10.0.2.2,10.0.2.15,10.0.2.2,1,idle
1622,14:50:41.864260,14:50:41.868518,10.0.2.15,115.113.240.203,10.194.0.13,10.0.2.15,10.194.0.13,2,idle
1623,14:50:41.864455,14:50:41.867672,10.0.2.15,115.113.240.203,10.254.239.5,10.0.2.15,10.254.239.5,3,idle
1624,14:50:41.965108,14:50:41.968711,10.0.2.15,115.113.240.203,10.194.0.13,10.0.2.15,10.194.0.13,2,idle
1625,14:50:41.965562,14:50:41.966157,10.0.2.15,115.113.240.203,10.0.2.2,10.0.2.15,10.0.2.2,1,idle
1626,14:50:41.965650,14:50:41.969727,10.0.2.15,115.113.240.203,10.254.239.5,10.0.2.15,10.254.239.5,3,idle
1627,14:50:42.067991,14:50:42.068878,10.0.2.15,115.113.240.203,10.0.2.2,10.0.2.15,10.0.2.2,1,idle
1628,14:50:42.068070,14:50:42.075197,10.0.2.15,115.113.240.203,10.254.239.5,10.0.2.15,10.254.239.5,3,idle
1629,14:50:42.068139,14:50:42.076024,10.0.2.15,115.113.240.203,10.194.0.13,10.0.2.15,10.194.0.13,2,idle
1630,14:50:42.166609,14:50:42.181783,10.0.2.15,115.113.240.203,10.254.239.5,10.0.2.15,10.254.239.5,3,idle
1631,14:50:42.171645,14:50:42.172495,10.0.2.15,115.113.240.203,10.0.2.2,10.0.2.15,10.0.2.2,1,idle
1632,14:50:42.173500,14:50:42.182208,10.0.2.15,115.113.240.203,10.194.0.13,10.0.2.15,10.194.0.13,2,idle
1633,14:50:42.266842,14:50:42.267804,10.0.2.15,115.113.240.203,10.0.2.2,10.0.2.15,10.0.2.2,1,idle
1634,14:50:42.269070,14:50:42.282485,10.0.2.15,115.113.240.203,10.194.0.13,10.0.2.15,10.194.0.13,2,idle
1635,14:50:42.272383,14:50:42.283572,10.0.2.15,115.113.240.203,10.254.239.5,10.0.2.15,10.254.239.5,3,idle
1637,14:50:42.365238,14:50:42.365609,10.0.2.15,115.113.240.203,10.0.2.2,10.0.2.15,10.0.2.2,1,idle
1636,14:50:42.365275,14:50:42.368005,10.0.2.15,115.113.240.203,10.254.239.5,10.0.2.15,10.254.239.5,3,idle
1638,14:50:42.365524,14:50:42.368308,10.0.2.15,115.113.240.203,10.194.0.13,10.0.2.15,10.194.0.13,2,idle
1640,14:50:42.464441,14:50:42.467782,10.0.2.15,115.113.240.203,10.254.239.5,10.0.2.15,10.254.239.5,3,idle
1639,14:50:42.464487,14:50:42.46822,10.0.2.15,115.113.240.203,10.194.0.13,10.0.2.15,10.194.0.13,2,idle
1641,14:50:42.464789,14:50:42.465524,10.0.2.15,115.113.240.203,10.0.2.2,10.0.2.15,10.0.2.2,1,idle
1642,14:50:42.565944,14:50:42.56678,10.0.2.15,115.113.240.203,10.0.2.2,10.0.2.15,10.0.2.2,1,idle
1643,14:50:42.566021,14:50:42.571453,10.0.2.15,115.113.240.203,10.254.239.5,10.0.2.15,10.254.239.5,3,idle
1644,14:50:42.566126,14:50:42.570814,10.0.2.15,115.113.240.203,10.194.0.13,10.0.2.15,10.194.0.13,2,idle
1645,14:50:42.664100,14:50:42.667647,10.0.2.15,115.113.240.203,10.194.0.13,10.0.2.15,10.194.0.13,2,idle
1646,14:50:42.664387,14:50:42.664943,10.0.2.15,115.113.240.203,10.0.2.2,10.0.2.15,10.0.2.2,1,idle
1647,14:50:42.664418,14:50:42.66725,10.0.2.15,115.113.240.203,10.254.239.5,10.0.2.15,10.254.239.5,3,idle
1648,14:50:42.765739,14:50:42.766795,10.0.2.15,115.113.240.203,10.0.2.2,10.0.2.15,10.0.2.2,1,idle
1649,14:50:42.765908,14:50:42.775982,10.0.2.15,115.113.240.203,10.254.239.5,10.0.2.15,10.254.239.5,3,idle
1650,14:50:42.766996,14:50:42.775409,10.0.2.15,115.113.240.203,10.194.0.13,10.0.2.15,10.194.0.13,2,idle
1651,14:50:42.974532,14:50:42.984702,10.0.2.15,115.113.240.203,10.254.239.5,10.0.2.15,10.254.239.5,3,idle
1652,14:50:42.974614,14:50:42.990347,10.0.2.15,115.113.240.203,10.194.0.13,10.0.2.15,10.194.0.13,2,idle
1653,14:50:42.976617,14:50:42.977726,10.0.2.15,115.113.240.203,10.0.2.2,10.0.2.15,10.0.2.2,1,idle
1654,14:50:43.064870,14:50:43.065815,10.0.2.15,115.113.240.203,10.0.2.2,10.0.2.15,10.0.2.2,1,idle
1655,14:50:43.065518,14:50:43.074592,10.0.2.15,115.113.240.203,10.194.0.13,10.0.2.15,10.194.0.13,2,idle
1656,14:50:43.065971,14:50:43.080302,10.0.2.15,115.113.240.203,10.254.239.5,10.0.2.15,10.254.239.5,3,idle
1657,14:50:43.170829,14:50:43.171972,10.0.2.15,115.113.240.203,10.0.2.2,10.0.2.15,10.0.2.2,1,idle
1658,14:50:43.170918,14:50:43.185289,10.0.2.15,115.113.240.203,10.254.239.5,10.0.2.15,10.254.239.5,3,idle
1659,14:50:43.170966,14:50:43.184428,10.0.2.15,115.113.240.203,10.194.0.13,10.0.2.15,10.194.0.13,2,idle
1660,14:50:43.265753,14:50:43.266291,10.0.2.15,115.113.240.203,10.0.2.2,10.0.2.15,10.0.2.2,1,idle
1661,14:50:43.265804,14:50:43.270213,10.0.2.15,115.113.240.203,10.254.239.5,10.0.2.15,10.254.239.5,3,idle
1662,14:50:43.265886,14:50:43.269223,10.0.2.15,115.113.240.203,10.194.0.13,10.0.2.15,10.194.0.13,2,idle
1663,14:50:43.367389,14:50:43.371283,10.0.2.15,115.113.240.203,10.194.0.13,10.0.2.15,10.194.0.13,2,idle
1664,14:50:43.367589,14:50:43.368397,10.0.2.15,115.113.240.203,10.0.2.2,10.0.2.15,10.0.2.2,1,idle
1665,14:50:43.368061,14:50:43.371799,10.0.2.15,115.113.240.203,10.254.239.5,10.0.2.15,10.254.239.5,3,idle
1666,14:50:43.468578,14:50:43.470041,10.0.2.15,115.113.240.203,10.0.2.2,10.0.2.15,10.0.2.2,1,idle
1667,14:50:43.470659,14:50:43.475632,10.0.2.15,115.113.240.203,10.254.239.5,10.0.2.15,10.254.239.5,3,idle
1668,14:50:43.470748,14:50:43.474821,10.0.2.15,115.113.240.203,10.194.0.13,10.0.2.15,10.194.0.13,2,idle
1669,14:50:43.564834,14:50:43.565887,10.0.2.15,115.113.240.203,10.0.2.2,10.0.2.15,10.0.2.2,1,idle
1670,14:50:43.566098,14:50:43.570069,10.0.2.15,115.113.240.203,10.194.0.13,10.0.2.15,10.194.0.13,2,idle
1671,14:50:43.567122,14:50:43.57159,10.0.2.15,115.113.240.203,10.254.239.5,10.0.2.15,10.254.239.5,3,idle
1672,14:50:43.666343,14:50:43.670075,10.0.2.15,115.113.240.203,10.194.0.13,10.0.2.15,10.194.0.13,2,idle
1673,14:50:43.667040,14:50:43.667238,10.0.2.15,115.113.240.203,10.0.2.2,10.0.2.15,10.0.2.2,1,idle
1674,14:50:43.667516,14:50:43.674214,10.0.2.15,115.113.240.203,10.254.239.5,10.0.2.15,10.254.239.5,3,idle
1675,14:50:43.763885,14:50:43.764339,10.0.2.15,115.113.240.203,10.0.2.2,10.0.2.15,10.0.2.2,1,idle
1676,14:50:43.764167,14:50:43.766081,10.0.2.15,115.113.240.203,10.194.0.13,10.0.2.15,10.194.0.13,2,idle
1677,14:50:43.764196,14:50:43.766392,10.0.2.15,115.113.240.203,10.254.239.5,10.0.2.15,10.254.239.5,3,idle
1678,14:50:43.871028,14:50:43.876227,10.0.2.15,115.113.240.203,10.194.0.13,10.0.2.15,10.194.0.13,2,idle
1679,14:50:43.871180,14:50:43.872221,10.0.2.15,115.113.240.203,10.0.2.2,10.0.2.15,10.0.2.2,1,idle
1680,14:50:43.871412,14:50:43.875547,10.0.2.15,115.113.240.203,10.254.239.5,10.0.2.15,10.254.239.5,3,idle
1681,14:50:43.966111,14:50:43.966572,10.0.2.15,115.113.240.203,10.0.2.2,10.0.2.15,10.0.2.2,1,idle
1683,14:50:43.968930,14:50:43.973974,10.0.2.15,115.113.240.203,10.194.0.13,10.0.2.15,10.194.0.13,2,idle
1682,14:50:43.968988,14:50:43.974404,10.0.2.15,115.113.240.203,10.254.239.5,10.0.2.15,10.254.239.5,3,idle
1684,14:50:44.064870,14:50:44.070887,10.0.2.15,115.113.240.203,10.194.0.13,10.0.2.15,10.194.0.13,2,idle
1685,14:50:44.065090,14:50:44.071962,10.0.2.15,115.113.240.203,10.254.239.5,10.0.2.15,10.254.239.5,3,idle
1686,14:50:44.065169,14:50:44.065663,10.0.2.15,115.113.240.203,10.0.2.2,10.0.2.15,10.0.2.2,1,idle
1687,14:50:44.165531,14:50:44.173837,10.0.2.15,115.113.240.203,10.254.239.5,10.0.2.15,10.254.239.5,3,idle
1688,14:50:44.165648,14:50:44.166117,10.0.2.15,115.113.240.203,10.0.2.2,10.0.2.15,10.0.2.2,1,idle
1689,14:50:44.166352,14:50:44.173274,10.0.2.15,115.113.240.203,10.194.0.13,10.0.2.15,10.194.0.13,2,idle
1690,14:50:44.263986,14:50:44.267671,10.0.2.15,115.113.240.203,10.254.239.5,10.0.2.15,10.254.239.5,3,idle
1691,14:50:44.264083,14:50:44.267057,10.0.2.15,115.113.240.203,10.194.0.13,10.0.2.15,10.194.0.13,2,idle
1692,14:50:44.265225,14:50:44.265719,10.0.2.15,115.113.240.203,10.0.2.2,10.0.2.15,10.0.2.2,1,idle
1693,14:50:44.371631,14:50:44.372389,10.0.2.15,115.113.240.203,10.0.2.2,10.0.2.15,10.0.2.2,1,idle
1694,14:50:44.371700,14:50:44.37772,10.0.2.15,115.113.240.203,10.254.239.5,10.0.2.15,10.254.239.5,3,idle
1695,14:50:44.371725,14:50:44.376946,10.0.2.15,115.113.240.203,10.194.0.13,10.0.2.15,10.194.0.13,2,idle
1696,14:50:44.467081,14:50:44.47469,10.0.2.15,115.113.240.203,10.194.0.13,10.0.2.15,10.194.0.13,2,idle
1697,14:50:44.467189,14:50:44.475629,10.0.2.15,115.113.240.203,10.254.239.5,10.0.2.15,10.254.239.5,3,idle
1698,14:50:44.467518,14:50:44.469977,10.0.2.15,115.113.240.203,10.0.2.2,10.0.2.15,10.0.2.2,1,idle
1699,14:50:44.564222,14:50:44.568504,10.0.2.15,115.113.240.203,10.254.239.5,10.0.2.15,10.254.239.5,3,idle
1700,14:50:44.564413,14:50:44.566849,10.0.2.15,115.113.240.203,10.0.2.2,10.0.2.15,10.0.2.2,1,idle
1701,14:50:44.565996,14:50:44.570242,10.0.2.15,115.113.240.203,10.194.0.13,10.0.2.15,10.194.0.13,2,idle
1702,14:50:44.671164,14:50:44.674527,10.0.2.15,115.113.240.203,10.194.0.13,10.0.2.15,10.194.0.13,2,idle
1703,14:50:44.671252,14:50:44.674983,10.0.2.15,115.113.240.203,10.254.239.5,10.0.2.15,10.254.239.5,3,idle
1704,14:50:44.671256,14:50:44.672398,10.0.2.15,115.113.240.203,10.0.2.2,10.0.2.15,10.0.2.2,1,idle
1705,14:50:44.763685,14:50:44.767766,10.0.2.15,115.113.240.203,10.254.239.5,10.0.2.15,10.254.239.5,3,idle
1706,14:50:44.763726,14:50:44.764431,10.0.2.15,115.113.240.203,10.0.2.2,10.0.2.15,10.0.2.2,1,idle
1707,14:50:44.763831,14:50:44.767237,10.0.2.15,115.113.240.203,10.194.0.13,10.0.2.15,10.194.0.13,2,idle
1708,14:50:44.866796,14:50:44.867843,10.0.2.15,115.113.240.203,10.0.2.2,10.0.2.15,10.0.2.2,1,idle
1709,14:50:44.866930,14:50:44.874742,10.0.2.15,115.113.240.203,10.254.239.5,10.0.2.15,10.254.239.5,3,idle
1710,14:50:44.867405,14:50:44.87141,10.0.2.15,115.113.240.203,10.194.0.13,10.0.2.15,10.194.0.13,2,idle
1711,14:50:44.966226,14:50:44.974473,10.0.2.15,115.113.240.203,10.254.239.5,10.0.2.15,10.254.239.5,3,idle
1712,14:50:44.966618,14:50:44.9673,10.0.2.15,115.113.240.203,10.0.2.2,10.0.2.15,10.0.2.2,1,idle
1713,14:50:44.967690,14:50:44.975604,10.0.2.15,115.113.240.203,10.194.0.13,10.0.2.15,10.194.0.13,2,idle
1714,14:50:45.066939,14:50:45.067554,10.0.2.15,115.113.240.203,10.0.2.2,10.0.2.15,10.0.2.2,1,idle
1715,14:50:45.066990,14:50:45.079305,10.0.2.15,115.113.240.203,10.194.0.13,10.0.2.15,10.194.0.13,2,idle
1716,14:50:45.067362,14:50:45.080097,10.0.2.15,115.113.240.203,10.254.239.5,10.0.2.15,10.254.239.5,3,idle
1717,14:50:45.168282,14:50:45.169041,10.0.2.15,115.113.240.203,10.0.2.2,10.0.2.15,10.0.2.2,1,idle
1718,14:50:45.169173,14:50:45.171906,10.0.2.15,115.113.240.203,10.254.239.5,10.0.2.15,10.254.239.5,3,idle
1719,14:50:45.170860,14:50:45.173809,10.0.2.15,115.113.240.203,10.194.0.13,10.0.2.15,10.194.0.13,2,idle
1720,14:50:45.291879,14:50:45.308453,10.0.2.15,115.113.240.203,10.254.239.5,10.0.2.15,10.254.239.5,3,idle
1721,14:50:45.292056,14:50:45.305975,10.0.2.15,115.113.240.203,10.194.0.13,10.0.2.15,10.194.0.13,2,idle
1722,14:50:45.292214,14:50:45.293572,10.0.2.15,115.113.240.203,10.0.2.2,10.0.2.15,10.0.2.2,1,idle
1723,14:50:45.368110,14:50:45.368972,10.0.2.15,115.113.240.203,10.0.2.2,10.0.2.15,10.0.2.2,1,idle
1724,14:50:45.369931,14:50:45.374827,10.0.2.15,115.113.240.203,10.194.0.13,10.0.2.15,10.194.0.13,2,idle
1725,14:50:45.373641,14:50:45.377792,10.0.2.15,115.113.240.203,10.254.239.5,10.0.2.15,10.254.239.5,3,idle
1726,14:50:45.465740,14:50:45.46952,10.0.2.15,115.113.240.203,10.194.0.13,10.0.2.15,10.194.0.13,2,idle
1727,14:50:45.465824,14:50:45.467128,10.0.2.15,115.113.240.203,10.0.2.2,10.0.2.15,10.0.2.2,1,idle
1728,14:50:45.466253,14:50:45.470412,10.0.2.15,115.113.240.203,10.254.239.5,10.0.2.15,10.254.239.5,3,idle
1729,14:50:45.566715,14:50:45.579931,10.0.2.15,115.113.240.203,10.194.0.13,10.0.2.15,10.194.0.13,2,idle
1730,14:50:45.567237,14:50:45.568251,10.0.2.15,115.113.240.203,10.0.2.2,10.0.2.15,10.0.2.2,1,idle
1731,14:50:45.567482,14:50:45.581236,10.0.2.15,115.113.240.203,10.254.239.5,10.0.2.15,10.254.239.5,3,idle
1732,14:50:45.664467,14:50:45.667302,10.0.2.15,115.113.240.203,10.194.0.13,10.0.2.15,10.194.0.13,2,idle
1733,14:50:45.664751,14:50:45.665157,10.0.2.15,115.113.240.203,10.0.2.2,10.0.2.15,10.0.2.2,1,idle
1734,14:50:45.664834,14:50:45.667936,10.0.2.15,115.113.240.203,10.254.239.5,10.0.2.15,10.254.239.5,3,idle
1735,14:50:45.776547,14:50:45.781369,10.0.2.15,115.113.240.203,10.254.239.5,10.0.2.15,10.254.239.5,3,idle
1736,14:50:45.776637,14:50:45.784893,10.0.2.15,115.113.240.203,10.194.0.13,10.0.2.15,10.194.0.13,2,idle
1737,14:50:45.776642,14:50:45.778238,10.0.2.15,115.113.240.203,10.0.2.2,10.0.2.15,10.0.2.2,1,idle
1738,14:50:45.863871,14:50:45.864659,10.0.2.15,115.113.240.203,10.0.2.2,10.0.2.15,10.0.2.2,1,idle
1739,14:50:45.863940,14:50:45.869457,10.0.2.15,115.113.240.203,10.254.239.5,10.0.2.15,10.254.239.5,3,idle
1740,14:50:45.863943,14:50:45.868328,10.0.2.15,115.113.240.203,10.194.0.13,10.0.2.15,10.194.0.13,2,idle
1741,14:50:45.966340,14:50:45.967171,10.0.2.15,115.113.240.203,10.0.2.2,10.0.2.15,10.0.2.2,1,idle
1742,14:50:45.966535,14:50:45.973501,10.0.2.15,115.113.240.203,10.194.0.13,10.0.2.15,10.194.0.13,2,idle
1743,14:50:45.966602,14:50:45.974301,10.0.2.15,115.113.240.203,10.254.239.5,10.0.2.15,10.254.239.5,3,idle
1744,14:50:46.064228,14:50:46.064834,10.0.2.15,115.113.240.203,10.0.2.2,10.0.2.15,10.0.2.2,1,idle
1745,14:50:46.064282,14:50:46.067743,10.0.2.15,115.113.240.203,10.194.0.13,10.0.2.15,10.194.0.13,2,idle
1746,14:50:46.064886,14:50:46.07085,10.0.2.15,115.113.240.203,10.254.239.5,10.0.2.15,10.254.239.5,3,idle
1747,14:50:46.168223,14:50:46.174155,10.0.2.15,115.113.240.203,10.0.2.2,10.0.2.15,10.0.2.2,1,idle
1748,14:50:46.168311,14:50:46.174155,10.0.2.15,115.113.240.203,10.254.239.5,10.0.2.15,10.254.239.5,3,idle
1749,14:50:46.168477,14:50:46.176579,10.0.2.15,115.113.240.203,10.194.0.13,10.0.2.15,10.194.0.13,2,idle
1750,14:50:46.266579,14:50:46.274688,10.0.2.15,115.113.240.203,10.194.0.13,10.0.2.15,10.194.0.13,2,idle
1751,14:50:46.266673,14:50:46.278841,10.0.2.15,115.113.240.203,10.254.239.5,10.0.2.15,10.254.239.5,3,idle
1752,14:50:46.266738,14:50:46.268246,10.0.2.15,115.113.240.203,10.0.2.2,10.0.2.15,10.0.2.2,1,idle
1753,14:50:46.367741,14:50:46.38459,10.0.2.15,115.113.240.203,10.194.0.13,10.0.2.15,10.194.0.13,2,idle
1754,14:50:46.368015,14:50:46.368904,10.0.2.15,115.113.240.203,10.0.2.2,10.0.2.15,10.0.2.2,1,idle
1755,14:50:46.368175,14:50:46.385141,10.0.2.15,115.113.240.203,10.254.239.5,10.0.2.15,10.254.239.5,3,idle
1756,14:50:46.463736,14:50:46.466834,10.0.2.15,115.113.240.203,10.254.239.5,10.0.2.15,10.254.239.5,3,idle
1757,14:50:46.463809,14:50:46.466186,10.0.2.15,115.113.240.203,10.0.2.2,10.0.2.15,10.0.2.2,1,idle
1758,14:50:46.464125,14:50:46.468431,10.0.2.15,115.113.240.203,10.194.0.13,10.0.2.15,10.194.0.13,2,idle
1759,14:50:46.564909,14:50:46.568375,10.0.2.15,115.113.240.203,10.254.239.5,10.0.2.15,10.254.239.5,3,idle
1760,14:50:46.565244,14:50:46.565768,10.0.2.15,115.113.240.203,10.0.2.2,10.0.2.15,10.0.2.2,1,idle
1761,14:50:46.565392,14:50:46.569078,10.0.2.15,115.113.240.203,10.194.0.13,10.0.2.15,10.194.0.13,2,idle
1763,14:50:46.663186,14:50:46.666426,10.0.2.15,115.113.240.203,10.254.239.5,10.0.2.15,10.254.239.5,3,idle
1762,14:50:46.663227,14:50:46.665926,10.0.2.15,115.113.240.203,10.194.0.13,10.0.2.15,10.194.0.13,2,idle
1764,14:50:46.663263,14:50:46.663899,10.0.2.15,115.113.240.203,10.0.2.2,10.0.2.15,10.0.2.2,1,idle
1765,14:50:46.763286,14:50:46.767985,10.0.2.15,115.113.240.203,10.194.0.13,10.0.2.15,10.194.0.13,2,idle
1766,14:50:46.763639,14:50:46.767986,10.0.2.15,115.113.240.203,10.254.239.5,10.0.2.15,10.254.239.5,3,idle
1767,14:50:46.764142,14:50:46.764869,10.0.2.15,115.113.240.203,10.0.2.2,10.0.2.15,10.0.2.2,1,idle
1768,14:50:46.865437,14:50:46.870525,10.0.2.15,115.113.240.203,10.254.239.5,10.0.2.15,10.254.239.5,3,idle
1769,14:50:46.866038,14:50:46.866819,10.0.2.15,115.113.240.203,10.0.2.2,10.0.2.15,10.0.2.2,1,idle
1770,14:50:46.866158,14:50:46.86976,10.0.2.15,115.113.240.203,10.194.0.13,10.0.2.15,10.194.0.13,2,idle
1771,14:50:46.970851,14:50:46.971986,10.0.2.15,115.113.240.203,10.0.2.2,10.0.2.15,10.0.2.2,1,idle
1772,14:50:46.972817,14:50:46.977612,10.0.2.15,115.113.240.203,10.194.0.13,10.0.2.15,10.194.0.13,2,idle
1773,14:50:46.973049,14:50:46.978382,10.0.2.15,115.113.240.203,10.254.239.5,10.0.2.15,10.254.239.5,3,idle
1774,14:50:47.064233,14:50:47.065812,10.0.2.15,115.113.240.203,10.0.2.2,10.0.2.15,10.0.2.2,1,idle
1775,14:50:47.064313,14:50:47.068951,10.0.2.15,115.113.240.203,10.254.239.5,10.0.2.15,10.254.239.5,3,idle
1776,14:50:47.065234,14:50:47.071237,10.0.2.15,115.113.240.203,10.194.0.13,10.0.2.15,10.194.0.13,2,idle
1777,14:50:47.166929,14:50:47.168032,10.0.2.15,115.113.240.203,10.0.2.2,10.0.2.15,10.0.2.2,1,idle
1778,14:50:47.167013,14:50:47.173238,10.0.2.15,115.113.240.203,10.254.239.5,10.0.2.15,10.254.239.5,3,idle
1779,14:50:47.167025,14:50:47.170599,10.0.2.15,115.113.240.203,10.194.0.13,10.0.2.15,10.194.0.13,2,idle
1781,14:50:47.267208,14:50:47.267833,10.0.2.15,115.113.240.203,10.0.2.2,10.0.2.15,10.0.2.2,1,idle
1780,14:50:47.267261,14:50:47.272197,10.0.2.15,115.113.240.203,10.254.239.5,10.0.2.15,10.254.239.5,3,idle
1782,14:50:47.267310,14:50:47.271727,10.0.2.15,115.113.240.203,10.194.0.13,10.0.2.15,10.194.0.13,2,idle
1783,14:50:47.368404,14:50:47.371068,10.0.2.15,115.113.240.203,10.254.239.5,10.0.2.15,10.254.239.5,3,idle
1784,14:50:47.368523,14:50:47.369566,10.0.2.15,115.113.240.203,10.0.2.2,10.0.2.15,10.0.2.2,1,idle
1785,14:50:47.368856,14:50:47.372562,10.0.2.15,115.113.240.203,10.194.0.13,10.0.2.15,10.194.0.13,2,idle
1786,14:50:47.472744,14:50:47.478986,10.0.2.15,115.113.240.203,10.194.0.13,10.0.2.15,10.194.0.13,2,idle
1787,14:50:47.473981,14:50:47.479541,10.0.2.15,115.113.240.203,10.254.239.5,10.0.2.15,10.254.239.5,3,idle
1788,14:50:47.476993,14:50:47.478272,10.0.2.15,115.113.240.203,10.0.2.2,10.0.2.15,10.0.2.2,1,idle
1789,14:50:47.571424,14:50:47.576237,10.0.2.15,115.113.240.203,10.254.239.5,10.0.2.15,10.254.239.5,3,idle
1790,14:50:47.572213,14:50:47.578424,10.0.2.15,115.113.240.203,10.194.0.13,10.0.2.15,10.194.0.13,2,idle
1791,14:50:47.572614,14:50:47.575543,10.0.2.15,115.113.240.203,10.0.2.2,10.0.2.15,10.0.2.2,1,idle
1792,14:50:47.662938,14:50:47.665861,10.0.2.15,115.113.240.203,10.254.239.5,10.0.2.15,10.254.239.5,3,idle
1793,14:50:47.664377,14:50:47.667556,10.0.2.15,115.113.240.203,10.194.0.13,10.0.2.15,10.194.0.13,2,idle
1794,14:50:47.664695,14:50:47.665102,10.0.2.15,115.113.240.203,10.0.2.2,10.0.2.15,10.0.2.2,1,idle
1795,14:50:47.763385,14:50:47.767337,10.0.2.15,115.113.240.203,10.254.239.5,10.0.2.15,10.254.239.5,3,idle
1796,14:50:47.763425,14:50:47.763999,10.0.2.15,115.113.240.203,10.0.2.2,10.0.2.15,10.0.2.2,1,idle
1797,14:50:47.763434,14:50:47.76682,10.0.2.15,115.113.240.203,10.194.0.13,10.0.2.15,10.194.0.13,2,idle
1798,14:50:47.869983,14:50:47.875145,10.0.2.15,115.113.240.203,10.194.0.13,10.0.2.15,10.194.0.13,2,idle
1799,14:50:47.870057,14:50:47.877142,10.0.2.15,115.113.240.203,10.254.239.5,10.0.2.15,10.254.239.5,3,idle
1800,14:50:47.870423,14:50:47.871068,10.0.2.15,115.113.240.203,10.0.2.2,10.0.2.15,10.0.2.2,1,idle
1801,14:50:47.964399,14:50:47.966554,10.0.2.15,115.113.240.203,10.0.2.2,10.0.2.15,10.0.2.2,1,idle
1802,14:50:47.964478,14:50:47.970507,10.0.2.15,115.113.240.203,10.194.0.13,10.0.2.15,10.194.0.13,2,idle
1803,14:50:47.968625,14:50:47.974353,10.0.2.15,115.113.240.203,10.254.239.5,10.0.2.15,10.254.239.5,3,idle
1804,14:50:48.065020,14:50:48.069401,10.0.2.15,115.113.240.203,10.194.0.13,10.0.2.15,10.194.0.13,2,idle
1805,14:50:48.065094,14:50:48.070126,10.0.2.15,115.113.240.203,10.254.239.5,10.0.2.15,10.254.239.5,3,idle
1806,14:50:48.066144,14:50:48.066818,10.0.2.15,115.113.240.203,10.0.2.2,10.0.2.15,10.0.2.2,1,idle
1807,14:50:48.171647,14:50:48.173664,10.0.2.15,115.113.240.203,10.0.2.2,10.0.2.15,10.0.2.2,1,idle
1808,14:50:48.171991,14:50:48.182705,10.0.2.15,115.113.240.203,10.194.0.13,10.0.2.15,10.194.0.13,2,idle
1809,14:50:48.172123,14:50:48.185734,10.0.2.15,115.113.240.203,10.254.239.5,10.0.2.15,10.254.239.5,3,idle
1810,14:50:48.267703,14:50:48.269051,10.0.2.15,115.113.240.203,10.0.2.2,10.0.2.15,10.0.2.2,1,idle
1811,14:50:48.269558,14:50:48.286297,10.0.2.15,115.113.240.203,10.254.239.5,10.0.2.15,10.254.239.5,3,idle
1812,14:50:48.273383,14:50:48.288274,10.0.2.15,115.113.240.203,10.194.0.13,10.0.2.15,10.194.0.13,2,idle
1813,14:50:48.364891,14:50:48.365696,10.0.2.15,115.113.240.203,10.0.2.2,10.0.2.15,10.0.2.2,1,idle
1814,14:50:48.364987,14:50:48.370328,10.0.2.15,115.113.240.203,10.194.0.13,10.0.2.15,10.194.0.13,2,idle
1815,14:50:48.365460,14:50:48.37199,10.0.2.15,115.113.240.203,10.254.239.5,10.0.2.15,10.254.239.5,3,idle
1816,14:50:48.462769,14:50:48.466116,10.0.2.15,115.113.240.203,10.254.239.5,10.0.2.15,10.254.239.5,3,idle
1817,14:50:48.463301,14:50:48.464337,10.0.2.15,115.113.240.203,10.0.2.2,10.0.2.15,10.0.2.2,1,idle
1818,14:50:48.464163,14:50:48.467117,10.0.2.15,115.113.240.203,10.194.0.13,10.0.2.15,10.194.0.13,2,idle
1819,14:50:48.567712,14:50:48.568738,10.0.2.15,115.113.240.203,10.0.2.2,10.0.2.15,10.0.2.2,1,idle
1820,14:50:48.567835,14:50:48.574417,10.0.2.15,115.113.240.203,10.254.239.5,10.0.2.15,10.254.239.5,3,idle
1821,14:50:48.568488,14:50:48.573682,10.0.2.15,115.113.240.203,10.194.0.13,10.0.2.15,10.194.0.13,2,idle
1822,14:50:48.669731,14:50:48.67538,10.0.2.15,115.113.240.203,10.254.239.5,10.0.2.15,10.254.239.5,3,idle
1824,14:50:48.669942,14:50:48.674295,10.0.2.15,115.113.240.203,10.194.0.13,10.0.2.15,10.194.0.13,2,idle
1823,14:50:48.670004,14:50:48.671216,10.0.2.15,115.113.240.203,10.0.2.2,10.0.2.15,10.0.2.2,1,idle
1825,14:50:48.766128,14:50:48.769067,10.0.2.15,115.113.240.203,10.194.0.13,10.0.2.15,10.194.0.13,2,idle
1826,14:50:48.766183,14:50:48.771578,10.0.2.15,115.113.240.203,10.254.239.5,10.0.2.15,10.254.239.5,3,idle
1827,14:50:48.766562,14:50:48.767193,10.0.2.15,115.113.240.203,10.0.2.2,10.0.2.15,10.0.2.2,1,idle
1828,14:50:48.865543,14:50:48.869362,10.0.2.15,115.113.240.203,10.194.0.13,10.0.2.15,10.194.0.13,2,idle
1829,14:50:48.866022,14:50:48.870278,10.0.2.15,115.113.240.203,10.254.239.5,10.0.2.15,10.254.239.5,3,idle
1830,14:50:48.866891,14:50:48.867464,10.0.2.15,115.113.240.203,10.0.2.2,10.0.2.15,10.0.2.2,1,idle
1831,14:50:48.964029,14:50:48.970964,10.0.2.15,115.113.240.203,10.194.0.13,10.0.2.15,10.194.0.13,2,idle
1832,14:50:48.964582,14:50:48.965405,10.0.2.15,115.113.240.203,10.0.2.2,10.0.2.15,10.0.2.2,1,idle
1833,14:50:48.965249,14:50:48.973902,10.0.2.15,115.113.240.203,10.254.239.5,10.0.2.15,10.254.239.5,3,idle
1834,14:50:49.062864,14:50:49.065533,10.0.2.15,115.113.240.203,10.194.0.13,10.0.2.15,10.194.0.13,2,idle
1835,14:50:49.062905,14:50:49.063547,10.0.2.15,115.113.240.203,10.0.2.2,10.0.2.15,10.0.2.2,1,idle
1836,14:50:49.062932,14:50:49.065902,10.0.2.15,115.113.240.203,10.254.239.5,10.0.2.15,10.254.239.5,3,idle
1837,14:50:49.167829,14:50:49.17352,10.0.2.15,115.113.240.203,10.194.0.13,10.0.2.15,10.194.0.13,2,idle
1838,14:50:49.167918,14:50:49.169211,10.0.2.15,115.113.240.203,10.0.2.2,10.0.2.15,10.0.2.2,1,idle
1839,14:50:49.167945,14:50:49.174329,10.0.2.15,115.113.240.203,10.254.239.5,10.0.2.15,10.254.239.5,3,idle
1840,14:50:49.264017,14:50:49.264437,10.0.2.15,115.113.240.203,10.0.2.2,10.0.2.15,10.0.2.2,1,idle
1841,14:50:49.265545,14:50:49.26888,10.0.2.15,115.113.240.203,10.194.0.13,10.0.2.15,10.194.0.13,2,idle
1842,14:50:49.266040,14:50:49.269349,10.0.2.15,115.113.240.203,10.254.239.5,10.0.2.15,10.254.239.5,3,idle
1843,14:50:49.371099,14:50:49.376315,10.0.2.15,115.113.240.203,10.194.0.13,10.0.2.15,10.194.0.13,2,idle
1844,14:50:49.371880,14:50:49.372285,10.0.2.15,115.113.240.203,10.0.2.2,10.0.2.15,10.0.2.2,1,idle
1845,14:50:49.371941,14:50:49.377164,10.0.2.15,115.113.240.203,10.254.239.5,10.0.2.15,10.254.239.5,3,idle
1846,14:50:49.465157,14:50:49.470318,10.0.2.15,115.113.240.203,10.194.0.13,10.0.2.15,10.194.0.13,2,idle
1847,14:50:49.465642,14:50:49.46643,10.0.2.15,115.113.240.203,10.0.2.2,10.0.2.15,10.0.2.2,1,idle
1848,14:50:49.466176,14:50:49.476331,10.0.2.15,115.113.240.203,10.254.239.5,10.0.2.15,10.254.239.5,3,idle
1849,14:50:49.567720,14:50:49.569077,10.0.2.15,115.113.240.203,10.0.2.2,10.0.2.15,10.0.2.2,1,idle
1850,14:50:49.567835,14:50:49.598193,10.0.2.15,115.113.240.203,10.254.239.5,10.0.2.15,10.254.239.5,3,idle
1851,14:50:49.568477,14:50:49.598193,10.0.2.15,115.113.240.203,10.194.0.13,10.0.2.15,10.194.0.13,2,idle
1852,14:50:49.663382,14:50:49.666431,10.0.2.15,115.113.240.203,10.194.0.13,10.0.2.15,10.194.0.13,2,idle
1853,14:50:49.663520,14:50:49.666013,10.0.2.15,115.113.240.203,10.254.239.5,10.0.2.15,10.254.239.5,3,idle
1854,14:50:49.663564,14:50:49.664291,10.0.2.15,115.113.240.203,10.0.2.2,10.0.2.15,10.0.2.2,1,idle
